/*******************************************************************************
 * Size: 24 px
 * Bpp: 4
 * Opts: --bpp 4 --size 24 --font C:/Users/ADMIN/Documents/ui-main/assets/arial.ttf -o C:/Users/ADMIN/Documents/ui-main/assets\ui_font_arialbold24.c --format lvgl -r 0x20-0x7f --symbols aAàÀảẢãÃáÁạẠăĂằẰẳẲẵẴắẮặẶâÂầẦẩẨẫẪấẤậẬbBcCdDđĐeEèÈẻẺẽẼéÉẹẸêÊềỀểỂễỄếẾệỆfFgGhHiIìÌỉỈĩĨíÍịỊjJkKlLmMnNoOòÒỏỎõÕóÓọỌôÔồỒổỔỗỖốỐộỘơƠờỜởỞỡỠớỚợỢpPqQrRsStTuUùÙủỦũŨúÚụỤưƯừỪửỬữỮứỨựỰvVwWxXyYỳỲỷỶỹỸýÝỵỴzZ0123456789!#$%&'()*+,-./:;<=>?@[\]^_`{|}~° µ℃% --no-compress --no-prefilter
 ******************************************************************************/

#include "ui.h"

#ifndef UI_FONT_ARIALBOLD24
#define UI_FONT_ARIALBOLD24 1
#endif

#if UI_FONT_ARIALBOLD24

/*-----------------
 *    BITMAPS
 *----------------*/

/*Store the image of the glyphs*/
static LV_ATTRIBUTE_LARGE_CONST const uint8_t glyph_bitmap[] = {
    /* U+0020 " " */

    /* U+0021 "!" */
    0xff, 0x50, 0x7, 0x84, 0x3, 0x8c, 0xc, 0x43,
    0x9c, 0x4, 0x80, 0xc4, 0x7, 0xc1, 0xc4, 0x4,
    0xc0, 0xd7, 0x44, 0x8, 0x19, 0xd2, 0xe3, 0x40,
    0x20,

    /* U+0022 "\"" */
    0xef, 0x80, 0xff, 0x30, 0x7, 0xf7, 0x80, 0x62,
    0x1, 0x1, 0x2, 0x50, 0x50, 0x50, 0x5e, 0x2,
    0x3, 0x1, 0x6c, 0x10, 0x9d, 0x0,

    /* U+0023 "#" */
    0x0, 0xc9, 0xee, 0x1, 0x6f, 0x0, 0x78, 0xc0,
    0xc0, 0x22, 0x50, 0xf, 0x60, 0x28, 0x0, 0xc0,
    0xc0, 0x3c, 0xa4, 0x20, 0x4, 0xd, 0x0, 0xe1,
    0x13, 0x80, 0x5a, 0x8, 0x0, 0xcf, 0xf7, 0x2,
    0xff, 0xca, 0x1d, 0xe0, 0xa6, 0x61, 0x2, 0x33,
    0x80, 0x4c, 0xc1, 0x39, 0x85, 0xc, 0xca, 0x1,
    0xb3, 0x0, 0x19, 0x48, 0x40, 0x6, 0x1a, 0x1,
    0xc2, 0x27, 0x0, 0xb4, 0x10, 0x3, 0x94, 0x34,
    0x2, 0x71, 0x10, 0x5, 0x39, 0x21, 0x59, 0x91,
    0xe, 0x64, 0xa, 0x64, 0x4, 0x67, 0x0, 0xc,
    0xe0, 0xcf, 0x21, 0xff, 0xa4, 0x2b, 0xfe, 0x0,
    0x9, 0x20, 0x5, 0x80, 0xe0, 0x1c, 0xa1, 0xa0,
    0x13, 0x89, 0x0, 0x71, 0x81, 0x80, 0x44, 0xa0,
    0x1e, 0xc0, 0x50, 0x1, 0x81, 0x80, 0x70,

    /* U+0024 "$" */
    0x0, 0xf4, 0x8, 0x7, 0xf1, 0x33, 0xc9, 0x0,
    0x78, 0x6f, 0x64, 0x1f, 0x6c, 0x40, 0x36, 0x20,
    0xc0, 0x30, 0xa6, 0x0, 0x4c, 0x43, 0xee, 0x15,
    0xe2, 0x4c, 0x0, 0xd0, 0x91, 0x0, 0x85, 0x83,
    0x0, 0xe, 0x4, 0x1, 0xd3, 0xd4, 0x0, 0x60,
    0xc0, 0xe, 0x11, 0x0, 0x5e, 0xc, 0xc0, 0xf,
    0xe5, 0x50, 0x4f, 0x2, 0x8, 0x7, 0xaa, 0x44,
    0x41, 0x1d, 0x44, 0x1, 0xcd, 0xd8, 0x4, 0xb,
    0x84, 0x1, 0xe3, 0xe, 0xc2, 0x19, 0x0, 0xfe,
    0x3e, 0x4, 0x10, 0x47, 0x0, 0xf1, 0x80, 0x8,
    0x2e, 0xc, 0x3, 0xf0, 0x81, 0x85, 0x0, 0x72,
    0x80, 0x90, 0x48, 0x33, 0x0, 0x24, 0xb0, 0x60,
    0x2, 0xb0, 0x4e, 0x86, 0xd8, 0x9c, 0x0, 0x53,
    0x48, 0x40, 0x25, 0x18, 0x1, 0xcb, 0x7e, 0x19,
    0xae, 0x1, 0xff, 0xc4,

    /* U+0025 "%" */
    0x1, 0xaf, 0xf5, 0x90, 0x7, 0xb3, 0x80, 0x3b,
    0x15, 0x4c, 0x98, 0x20, 0x19, 0x4e, 0x0, 0x32,
    0x93, 0xd4, 0xc8, 0x64, 0x3, 0x41, 0x30, 0x6,
    0xd0, 0xc0, 0x2, 0x1, 0x80, 0x4a, 0x50, 0x1,
    0xc2, 0x1, 0xfe, 0x82, 0x50, 0xe, 0xe0, 0x20,
    0x3, 0x1, 0x0, 0x18, 0xa0, 0x3, 0xcc, 0x10,
    0x87, 0x21, 0x40, 0x8, 0x35, 0x0, 0xf0, 0xd0,
    0xde, 0x14, 0x98, 0x38, 0xc0, 0x7, 0xe5, 0xfb,
    0xb7, 0x30, 0x2, 0x4d, 0x0, 0x2, 0x20, 0xf,
    0x22, 0x4, 0x0, 0xe3, 0xe0, 0x37, 0xdc, 0xd4,
    0x0, 0xfc, 0x30, 0x86, 0x14, 0x8f, 0x27, 0x64,
    0x1, 0xf4, 0x84, 0x1, 0xa2, 0xc3, 0x50, 0x58,
    0x7, 0x85, 0xd4, 0xc1, 0x43, 0x0, 0x8, 0xa,
    0x1, 0xe8, 0x8, 0x0, 0x8, 0x18, 0x6, 0x10,
    0xe, 0x16, 0x52, 0x0, 0x8, 0x18, 0x6, 0x10,
    0xe, 0x80, 0x80, 0x9, 0x3, 0x40, 0xa, 0x8,
    0x1, 0x89, 0x98, 0x40, 0x11, 0x2a, 0x5c, 0xd0,
    0xc8, 0x6, 0x80, 0x80, 0xe, 0xa6, 0x56, 0x4c,
    0x10,

    /* U+0026 "&" */
    0x0, 0xd3, 0xdf, 0xae, 0x1, 0xfd, 0xac, 0x24,
    0x48, 0xa0, 0xf, 0xa0, 0x8f, 0xb7, 0x1, 0x4c,
    0x3, 0xc8, 0x14, 0x20, 0x66, 0x5, 0x0, 0xf3,
    0x87, 0x80, 0x42, 0x6, 0x1, 0xed, 0x6, 0x30,
    0x62, 0x15, 0x0, 0xf3, 0x18, 0x6d, 0x48, 0x68,
    0x7, 0xee, 0x1, 0x53, 0xd3, 0x0, 0xf9, 0x70,
    0x2, 0x62, 0x0, 0xf9, 0xe8, 0x59, 0xc1, 0x58,
    0x0, 0xc4, 0x0, 0x48, 0xa, 0x98, 0x50, 0x93,
    0x29, 0xd2, 0xf, 0x5, 0x50, 0x2, 0x88, 0x36,
    0xc0, 0xc8, 0x14, 0x3c, 0x3, 0x78, 0x89, 0x82,
    0x80, 0x31, 0x0, 0x62, 0xa0, 0x0, 0xb0, 0x1,
    0x2, 0x80, 0x38, 0x80, 0x2, 0xe0, 0x9, 0x2,
    0xa1, 0x1, 0x99, 0x1, 0x4, 0x30, 0x1c, 0x82,
    0xf7, 0x4c, 0x11, 0xa6, 0x12, 0x60, 0xd8, 0xa2,
    0x32, 0xeb, 0x86, 0x2b, 0x98, 0x0, 0xeb, 0xbf,
    0xa8, 0x80, 0x2a, 0x80,

    /* U+0027 "'" */
    0xff, 0x38, 0x4, 0x20, 0x3, 0x2, 0x70, 0x72,
    0x2, 0x9d, 0x0,

    /* U+0028 "(" */
    0x0, 0xd7, 0xa0, 0x19, 0x92, 0x40, 0x21, 0x83,
    0x40, 0xa, 0x46, 0x0, 0x21, 0x71, 0x40, 0x9,
    0xc1, 0x80, 0x35, 0x6, 0x0, 0x63, 0x4, 0x0,
    0x90, 0x8, 0x3, 0x10, 0x30, 0x6, 0x10, 0x10,
    0xd, 0xe0, 0x1f, 0x84, 0x3, 0x70, 0x38, 0x6,
    0x20, 0x20, 0xc, 0x80, 0x22, 0x0, 0xc6, 0x8,
    0x1, 0xa8, 0x30, 0x3, 0x30, 0xb0, 0x7, 0x30,
    0x28, 0x6, 0x91, 0x90, 0xc, 0x30, 0x6a, 0x1,
    0x99, 0x20, 0x0,

    /* U+0029 ")" */
    0x4f, 0x40, 0xc, 0x88, 0xa1, 0x0, 0xd2, 0x30,
    0x1, 0x89, 0x18, 0x80, 0x37, 0x5, 0x80, 0x65,
    0x6, 0x0, 0xe4, 0x5, 0x0, 0xd8, 0x18, 0x1,
    0x8c, 0x10, 0x3, 0x30, 0x10, 0x6, 0x30, 0xf,
    0xe1, 0x0, 0x8c, 0x3, 0xc2, 0x0, 0x10, 0x9,
    0xc0, 0x80, 0x36, 0x2, 0x0, 0x64, 0xc, 0x0,
    0xc6, 0xa, 0x1, 0x30, 0x38, 0x6, 0xa0, 0x90,
    0x8, 0xcc, 0xc2, 0x1, 0x40, 0xc8, 0x4, 0x88,
    0xa0, 0xc,

    /* U+002A "*" */
    0x0, 0x8f, 0xd8, 0x3, 0xc2, 0x6, 0x1, 0xba,
    0xdc, 0xe, 0x7c, 0x85, 0x55, 0x41, 0x2c, 0x6c,
    0x37, 0xc6, 0x3, 0xd8, 0x80, 0x8, 0x3a, 0x1d,
    0x0, 0x85, 0x91, 0x60, 0xd0, 0x0, 0x3f, 0x40,
    0xf8, 0x80,

    /* U+002B "+" */
    0x0, 0xe9, 0x90, 0x7, 0xf9, 0x98, 0x1, 0xff,
    0xdd, 0xaf, 0xfc, 0x0, 0xff, 0xd6, 0x1, 0xff,
    0xc0, 0xaf, 0xfc, 0x0, 0xff, 0xd6, 0x1, 0xff,
    0xe4,

    /* U+002C "," */
    0x67, 0x3b, 0x8b, 0x0, 0xb5, 0x3c, 0x10, 0xec,
    0xd2, 0x30, 0x0,

    /* U+002D "-" */
    0x2, 0x2f, 0x1, 0xee, 0xf9, 0x0, 0x3f, 0x0,

    /* U+002E "." */
    0x57, 0x48, 0x86, 0x80, 0x40,

    /* U+002F "/" */
    0x0, 0xc5, 0xf0, 0x1, 0x90, 0x30, 0x3, 0x68,
    0x20, 0x6, 0x44, 0x0, 0x64, 0xd, 0x0, 0xd8,
    0x8, 0x1, 0x94, 0x48, 0x2, 0x12, 0x70, 0xc,
    0x81, 0x80, 0x1b, 0xc1, 0x40, 0x32, 0x18, 0x6,
    0x31, 0xb0, 0xc, 0x80, 0x80, 0x1a, 0xc4, 0xc0,
    0x31, 0xa0, 0x6, 0x40, 0xc0, 0xd, 0xa0, 0xe0,
    0x19, 0x8, 0x40, 0x30,

    /* U+0030 "0" */
    0x0, 0xc, 0xf7, 0xf4, 0x90, 0x6, 0x1c, 0x61,
    0x21, 0x6d, 0x30, 0xa, 0xc9, 0x3b, 0x7d, 0x83,
    0x80, 0x4, 0xa1, 0x42, 0x0, 0x92, 0x22, 0x85,
    0x2, 0x88, 0x6, 0xa0, 0xe0, 0x30, 0xc0, 0xe,
    0x40, 0x50, 0x60, 0x20, 0xe, 0x20, 0x11, 0x10,
    0x38, 0x7, 0x8, 0x0, 0xc0, 0x3f, 0xe1, 0x0,
    0x8, 0x7, 0xf0, 0x80, 0x80, 0x7e, 0x13, 0x7,
    0x0, 0xe1, 0x0, 0x1b, 0x1, 0x0, 0x71, 0x0,
    0x8b, 0x3, 0x0, 0x39, 0x41, 0x41, 0x41, 0x44,
    0x3, 0x58, 0x70, 0x12, 0x5, 0x8, 0x2, 0x48,
    0x8a, 0x0, 0xa2, 0x4e, 0xce, 0x60, 0xf0, 0x8,
    0x71, 0xc4, 0xc1, 0x74, 0x80, 0x0,

    /* U+0031 "1" */
    0x0, 0xeb, 0xf0, 0xc, 0xe8, 0x1, 0x9e, 0x0,
    0x21, 0xa8, 0x0, 0x8f, 0xd4, 0x60, 0x0, 0xa2,
    0xbe, 0xa0, 0x5, 0xca, 0x10, 0x8, 0xcc, 0x1,
    0xff, 0xff,

    /* U+0032 "2" */
    0x0, 0x8a, 0xbb, 0xfa, 0xd4, 0x3, 0x97, 0x54,
    0x48, 0x12, 0xa4, 0x2, 0x2a, 0x6, 0xfd, 0xea,
    0x6, 0x60, 0x2, 0x80, 0xe4, 0x2, 0x58, 0xb,
    0x0, 0x20, 0x58, 0x7, 0x20, 0x10, 0x3, 0xe9,
    0x40, 0x3f, 0xc6, 0xa4, 0x1, 0xd6, 0x4, 0x1,
    0xfc, 0x4e, 0x14, 0x1, 0xfd, 0xe0, 0x6e, 0x1,
    0xfb, 0x8, 0x78, 0x3, 0xe1, 0xc3, 0x1c, 0x20,
    0xf, 0x17, 0x98, 0xe1, 0x0, 0x78, 0xf0, 0x4b,
    0xc8, 0x3, 0xc5, 0xa2, 0x78, 0x20, 0x1f, 0x60,
    0xa6, 0x8, 0x7, 0xd2, 0x22, 0x91, 0x1f, 0x80,
    0xc, 0x3, 0xbd, 0xdf, 0x9, 0x80, 0x7f, 0xf0,
    0x0,

    /* U+0033 "3" */
    0x0, 0x1d, 0x77, 0xec, 0x88, 0x6, 0x4c, 0x50,
    0x32, 0x6f, 0x30, 0x0, 0xd0, 0x3f, 0x67, 0xa8,
    0xf0, 0x1, 0x84, 0xe0, 0x2, 0xa0, 0x24, 0x1,
    0x4a, 0x0, 0xe3, 0x2, 0x6, 0xb6, 0x0, 0xe2,
    0x2, 0x0, 0xf8, 0x68, 0x4d, 0x0, 0x39, 0xaf,
    0x94, 0xf4, 0x3, 0xda, 0x80, 0x12, 0x80, 0x7a,
    0xbf, 0x58, 0xed, 0x40, 0x38, 0x40, 0xa5, 0x82,
    0x0, 0x3f, 0xac, 0x8, 0x82, 0x60, 0x1e, 0x20,
    0x0, 0xfe, 0x28, 0x7, 0x10, 0x0, 0x50, 0x38,
    0x3, 0xa8, 0x8, 0x90, 0x9, 0x0, 0x13, 0xb8,
    0x20, 0xa, 0x41, 0xff, 0x7a, 0x2, 0x14, 0x0,
    0xd8, 0xa2, 0x40, 0xb8, 0xe0, 0x0,

    /* U+0034 "4" */
    0x0, 0xf8, 0xff, 0x80, 0x3f, 0xdc, 0x1, 0xff,
    0x39, 0x0, 0x7f, 0x8a, 0x0, 0x3f, 0xee, 0x8,
    0x0, 0xfe, 0x73, 0x64, 0x0, 0xfc, 0x50, 0x32,
    0x1, 0xfd, 0x21, 0x40, 0x1f, 0xcc, 0x8a, 0x80,
    0x1f, 0x86, 0x46, 0xc0, 0x3f, 0xa8, 0x2c, 0x40,
    0x3f, 0x2a, 0x21, 0x40, 0x3f, 0xb8, 0x13, 0xff,
    0x60, 0xf, 0xf8, 0xc4, 0x3, 0xfe, 0x1a, 0xff,
    0xf6, 0x0, 0xff, 0x88, 0x3, 0xff, 0xb6,

    /* U+0035 "5" */
    0x0, 0x7f, 0xfe, 0x90, 0x1, 0x80, 0x7f, 0xca,
    0xb, 0xdd, 0xe9, 0x0, 0x78, 0x68, 0x8f, 0x80,
    0x25, 0x3, 0x0, 0xfe, 0x20, 0x50, 0xf, 0xc2,
    0x31, 0x56, 0xea, 0xd0, 0x2, 0x50, 0x1c, 0x52,
    0x22, 0x5c, 0x80, 0xc, 0x0, 0xdb, 0xfa, 0xc0,
    0xce, 0x6, 0xd1, 0x24, 0x5, 0x2e, 0x10, 0x9,
    0x2e, 0x1, 0xd2, 0x0, 0x40, 0xf, 0xc2, 0x20,
    0x10, 0xf, 0xfe, 0x6, 0xfb, 0x0, 0x70, 0x88,
    0x1d, 0x83, 0x40, 0x3a, 0x40, 0x89, 0x0, 0x90,
    0x1, 0x33, 0x84, 0x81, 0xc0, 0x3f, 0xe7, 0x48,
    0x4a, 0x0, 0x1f, 0x14, 0x4c, 0x17, 0x18, 0x0,

    /* U+0036 "6" */
    0x0, 0xcd, 0x9f, 0xec, 0x60, 0xf, 0x5c, 0x99,
    0x9, 0xcd, 0x80, 0x68, 0x41, 0xdd, 0x75, 0x82,
    0x30, 0x0, 0x5c, 0x30, 0x80, 0x9, 0x1, 0x40,
    0x6, 0x6, 0x20, 0xc, 0xd3, 0x0, 0xc, 0xd,
    0x0, 0xe1, 0x64, 0x0, 0x28, 0x31, 0x4e, 0xea,
    0xd0, 0x3, 0x8, 0x36, 0xb1, 0x11, 0x2e, 0x0,
    0x3a, 0x8a, 0xff, 0x9c, 0x1d, 0x40, 0x40, 0x3,
    0x88, 0x3, 0xa, 0x10, 0x2, 0x0, 0x61, 0x0,
    0xd0, 0x4, 0x20, 0x17, 0x80, 0x71, 0x0, 0x8,
    0x8, 0x3, 0xfc, 0x20, 0xe1, 0xe0, 0x1c, 0x20,
    0x2, 0xe, 0x6, 0x10, 0xd, 0x20, 0x80, 0x4,
    0x30, 0xd2, 0x0, 0x2b, 0x84, 0x0, 0x5a, 0x47,
    0xbb, 0x50, 0x41, 0x80, 0x43, 0xb0, 0x44, 0x34,
    0xb7, 0x0, 0x0,

    /* U+0037 "7" */
    0xdf, 0xff, 0xf2, 0x0, 0x7f, 0xcf, 0x9d, 0xdf,
    0x18, 0x31, 0x88, 0xfc, 0xc6, 0x52, 0x1, 0xf1,
    0x40, 0x70, 0x7, 0xe9, 0x5, 0x30, 0xf, 0x91,
    0x1, 0x60, 0x1f, 0xa0, 0x18, 0x40, 0x3e, 0x33,
    0x5, 0x80, 0x7e, 0x90, 0x42, 0x0, 0xfc, 0xa1,
    0xc0, 0x1f, 0x90, 0x0, 0xa0, 0x1f, 0xb4, 0x14,
    0x3, 0xf9, 0x3, 0x0, 0x3f, 0x88, 0x10, 0x3,
    0xf1, 0x80, 0x8, 0x3, 0xf3, 0x1, 0x0, 0x7f,
    0x18, 0x8, 0x7, 0xc0,

    /* U+0038 "8" */
    0x0, 0x8a, 0x7b, 0xfa, 0x8c, 0x3, 0x8f, 0x18,
    0x48, 0x17, 0x14, 0x3, 0x70, 0xa7, 0x6f, 0x38,
    0x50, 0x80, 0xc, 0x82, 0x84, 0x1, 0x4, 0xc,
    0x0, 0x70, 0x21, 0x0, 0xce, 0x1c, 0x0, 0x70,
    0x21, 0x0, 0xcc, 0x1c, 0x0, 0x33, 0x5, 0x8,
    0x1, 0xcc, 0x18, 0x2, 0xd3, 0x4e, 0xce, 0x82,
    0xc1, 0x0, 0xc8, 0x0, 0x31, 0x6, 0x0, 0xc3,
    0x8e, 0x9b, 0xfa, 0xe9, 0x86, 0x0, 0x82, 0x3b,
    0x20, 0x28, 0x70, 0xf0, 0x3, 0x84, 0x80, 0x74,
    0x1, 0x90, 0x8, 0x38, 0x7, 0x84, 0x18, 0x2,
    0x60, 0xf, 0x8, 0x38, 0x20, 0x70, 0x7, 0x30,
    0x0, 0xc2, 0x1, 0x60, 0x2, 0x59, 0x8, 0x0,
    0x1c, 0x83, 0xfe, 0x75, 0x2, 0xb8, 0x4, 0xd8,
    0xa2, 0x60, 0x95, 0x40, 0x0,

    /* U+0039 "9" */
    0x0, 0x15, 0x77, 0xec, 0x8, 0x6, 0x4d, 0x51,
    0x23, 0x7f, 0x20, 0x0, 0xd8, 0x27, 0x6f, 0x40,
    0xe0, 0x2, 0x40, 0xac, 0x40, 0xe, 0x83, 0x0,
    0xa1, 0x60, 0x1d, 0xe0, 0xa0, 0x40, 0xa0, 0x1c,
    0xa0, 0x42, 0x1, 0xf8, 0xc0, 0x4, 0x40, 0x50,
    0xe, 0x60, 0x3, 0xa0, 0x58, 0x7, 0x40, 0x5,
    0x60, 0x58, 0x60, 0x54, 0x60, 0x11, 0x58, 0x1e,
    0x7e, 0xac, 0x90, 0x38, 0x26, 0xb1, 0x11, 0x71,
    0x8c, 0x8, 0x0, 0x53, 0xba, 0xa3, 0x11, 0x0,
    0x9a, 0x90, 0x7, 0x38, 0x20, 0x25, 0x40, 0x7,
    0x58, 0x78, 0x28, 0x2a, 0x80, 0x3, 0x64, 0x88,
    0x2, 0x80, 0xad, 0xce, 0x42, 0xa0, 0x9, 0xe8,
    0xc8, 0xca, 0x34, 0x40, 0x0,

    /* U+003A ":" */
    0xdf, 0x90, 0xa, 0xe3, 0x59, 0xd0, 0x3, 0xff,
    0x8c, 0xce, 0x97, 0x1a, 0x1, 0x0,

    /* U+003B ";" */
    0xdf, 0x80, 0xa, 0xe2, 0xd9, 0xcc, 0x3, 0xff,
    0x8c, 0xce, 0x77, 0x16, 0x1, 0x6a, 0x78, 0x21,
    0xd9, 0xa4, 0x60, 0x0,

    /* U+003C "<" */
    0x0, 0xff, 0xa, 0x0, 0x7e, 0x3a, 0xef, 0x0,
    0xf2, 0xe6, 0x14, 0x30, 0x2, 0x17, 0xea, 0x31,
    0x8e, 0x70, 0x29, 0xe8, 0x14, 0xae, 0x71, 0x9,
    0xd6, 0x6, 0xdb, 0x50, 0xc, 0x40, 0xa, 0x92,
    0x0, 0xf7, 0x10, 0x56, 0xb8, 0x80, 0x72, 0xed,
    0xa1, 0x47, 0x49, 0x80, 0x72, 0x5e, 0xb0, 0x36,
    0x61, 0x40, 0x38, 0xa7, 0xa0, 0x4e, 0xa8, 0x1,
    0xe1, 0x7e, 0xa3, 0x10, 0xf, 0xe5, 0xca,

    /* U+003D "=" */
    0xaf, 0xff, 0xf5, 0x80, 0x7f, 0xf0, 0x2b, 0xff,
    0xfd, 0x60, 0x1f, 0xfc, 0xca, 0xff, 0xff, 0x58,
    0x7, 0xff, 0x2, 0xbf, 0xff, 0xd6,

    /* U+003E ">" */
    0x41, 0x0, 0xff, 0x7f, 0x51, 0x80, 0x7e, 0xc0,
    0x5c, 0xc2, 0x80, 0x79, 0xfa, 0x4, 0xeb, 0x9c,
    0x40, 0x30, 0xbf, 0x52, 0xc, 0x74, 0x90, 0x7,
    0x2d, 0xeb, 0x3, 0x6c, 0x80, 0x78, 0xa6, 0x80,
    0x4, 0x1, 0xc2, 0xfb, 0x40, 0x5c, 0x1, 0x1c,
    0xf4, 0x12, 0x5e, 0xa8, 0x2e, 0x61, 0x81, 0xb6,
    0xd0, 0x1, 0x54, 0x31, 0x8e, 0x92, 0x0, 0xc2,
    0x75, 0xce, 0x20, 0x1e, 0xac, 0x50, 0xf, 0xe0,

    /* U+003F "?" */
    0x0, 0x1d, 0x77, 0xf5, 0xa8, 0x6, 0x5c, 0x51,
    0x20, 0x4a, 0xa0, 0x0, 0xa8, 0x17, 0xf7, 0xa4,
    0x15, 0xc2, 0xc0, 0xa8, 0x2, 0x68, 0x9, 0x4,
    0xa, 0x0, 0xe5, 0x1, 0x17, 0xdb, 0x0, 0x71,
    0x80, 0x4, 0x90, 0x40, 0x3a, 0x40, 0xc0, 0x3f,
    0x33, 0x84, 0x0, 0x7c, 0xf2, 0x12, 0x80, 0x1e,
    0x58, 0x9, 0x60, 0xf, 0xac, 0x25, 0x80, 0x3e,
    0x41, 0x26, 0x0, 0xfc, 0x60, 0xe0, 0x1f, 0xc4,
    0xb8, 0x1, 0xfc, 0xb4, 0xc0, 0x1f, 0xc8, 0xea,
    0x1, 0xfd, 0xb1, 0x0, 0xf, 0xfe, 0x28,

    /* U+0040 "@" */
    0x0, 0xf8, 0xe7, 0x3b, 0xfd, 0xd6, 0xe2, 0x1,
    0xff, 0x1e, 0x61, 0x8c, 0xf0, 0x24, 0x74, 0x0,
    0x7f, 0x3e, 0x1a, 0x5f, 0xee, 0x63, 0xb6, 0x5,
    0xf4, 0x40, 0x3c, 0xf0, 0x37, 0x64, 0x0, 0xe2,
    0x7f, 0x42, 0xd0, 0xe, 0x48, 0x2f, 0x40, 0xf,
    0xe1, 0xb5, 0x38, 0x0, 0xd4, 0x1e, 0x20, 0x3,
    0xbe, 0xe4, 0x82, 0x7e, 0x5, 0x13, 0x88, 0x1,
    0x86, 0x8, 0x0, 0xf8, 0x86, 0xd, 0x98, 0x5,
    0x0, 0x50, 0x30, 0x2, 0xc5, 0xc0, 0xd, 0x3,
    0x7b, 0xd4, 0x6e, 0x1e, 0x0, 0x60, 0xc0, 0x22,
    0x38, 0x0, 0x64, 0x29, 0x0, 0xa, 0xc0, 0x4,
    0x0, 0x8, 0x98, 0x10, 0x30, 0x1, 0x20, 0xa8,
    0x1, 0xb0, 0x0, 0x40, 0x11, 0x98, 0x3c, 0x1c,
    0x0, 0xc1, 0xc0, 0x1f, 0x18, 0x6, 0x23, 0x3,
    0x2, 0x1, 0x10, 0x28, 0x7, 0x10, 0x28, 0x4,
    0x40, 0xe0, 0x1c, 0x40, 0x1, 0x0, 0xec, 0xc,
    0x0, 0xa8, 0x3c, 0xc, 0x8, 0x4, 0x3, 0xe2,
    0x40, 0x70, 0x1, 0x38, 0xa8, 0x70, 0x30, 0x10,
    0x82, 0x80, 0x6e, 0x0, 0x10, 0xf, 0x5, 0x80,
    0x10, 0x34, 0x0, 0xe1, 0x68, 0x9, 0xa6, 0x0,
    0x14, 0xc3, 0x75, 0x0, 0x18, 0xb8, 0x2, 0x8,
    0x6f, 0xec, 0xdc, 0x1, 0xd6, 0x4f, 0x0, 0x1a,
    0x46, 0x40, 0x71, 0x44, 0x4b, 0xf0, 0xa0, 0x29,
    0x70, 0x6, 0x82, 0xe, 0x4c, 0xc0, 0x1a, 0xee,
    0x50, 0x85, 0x7f, 0x5a, 0x2, 0xe5, 0x0, 0x5e,
    0x33, 0x20, 0xf, 0xfe, 0x4, 0x50, 0x68, 0x80,
    0xb, 0x9, 0xba, 0xc, 0x3, 0xc4, 0xfc, 0xe5,
    0x86, 0x1, 0x8b, 0x5c, 0x1f, 0x3f, 0x73, 0x1b,
    0xfb, 0x2, 0xfa, 0x60, 0x1f, 0x47, 0x53, 0x19,
    0xf1, 0x2c, 0xf4, 0x0, 0x60,

    /* U+0041 "A" */
    0x0, 0xfa, 0x7f, 0xc6, 0x1, 0xff, 0xc2, 0x60,
    0x5, 0x0, 0x7f, 0xf0, 0x54, 0x10, 0x18, 0x3,
    0xff, 0x83, 0xc1, 0xa6, 0xc, 0x1, 0xff, 0xa,
    0x3, 0xd8, 0x50, 0x7, 0xfc, 0xc0, 0x42, 0xa0,
    0x64, 0x1, 0xfe, 0xa0, 0xa0, 0x22, 0x5, 0x0,
    0x7f, 0x19, 0x2, 0x80, 0x28, 0x18, 0x3, 0xfa,
    0xc0, 0xc8, 0x0, 0xc0, 0x2a, 0x1, 0xf9, 0x82,
    0xc0, 0x21, 0x30, 0xe0, 0xf, 0x90, 0x41, 0x80,
    0x35, 0x2, 0x8, 0x7, 0xb8, 0x1, 0xdf, 0xfa,
    0x40, 0x12, 0x1, 0xe5, 0x1, 0x1f, 0x80, 0xc,
    0x1, 0xcc, 0x0, 0xfe, 0xef, 0x58, 0xa, 0x0,
    0x6a, 0x5, 0x10, 0xf, 0x20, 0x87, 0x0, 0x42,
    0x61, 0xc0, 0x1f, 0x98, 0x14, 0x40, 0xc, 0x2,
    0x80, 0x1f, 0xa8, 0x0, 0xc0, 0xa, 0x6, 0x0,
    0xfe, 0x24, 0xa, 0x0,

    /* U+0042 "B" */
    0x3f, 0xff, 0xba, 0xd0, 0x3, 0xfe, 0x14, 0xb8,
    0x0, 0xee, 0xee, 0xc6, 0x7, 0x40, 0xc, 0x23,
    0xc7, 0x28, 0x1e, 0x1, 0xff, 0x68, 0x30, 0x7,
    0xff, 0x37, 0x41, 0x40, 0x30, 0x8f, 0x1c, 0xa0,
    0xc8, 0x6, 0xee, 0xec, 0x62, 0xf1, 0x0, 0xff,
    0x8b, 0x48, 0x3, 0x7f, 0xf7, 0x51, 0x1e, 0x0,
    0x7f, 0xa, 0xe0, 0xb, 0x80, 0x7f, 0x85, 0x3,
    0x40, 0x3f, 0xf9, 0x82, 0x81, 0xa0, 0x10, 0x8f,
    0x9b, 0x0, 0xc, 0x1, 0x77, 0x7a, 0x48, 0x28,
    0x40, 0x3f, 0x8d, 0xf5, 0x40,

    /* U+0043 "C" */
    0x0, 0xc5, 0x19, 0xfe, 0xeb, 0x50, 0xf, 0x9f,
    0x5c, 0xc0, 0x2, 0x95, 0x60, 0x1d, 0x30, 0x9,
    0x7d, 0xfa, 0xe0, 0x98, 0x1, 0x2b, 0x4, 0xda,
    0x8, 0x14, 0x58, 0x1b, 0x0, 0x2c, 0x19, 0x80,
    0x1e, 0x46, 0xb, 0x4, 0x10, 0xb0, 0xf, 0xd7,
    0x1c, 0x1a, 0x4, 0x40, 0xf, 0xc4, 0xe6, 0x4,
    0xe, 0x1, 0xff, 0xc1, 0x70, 0x30, 0xf, 0xfe,
    0xb, 0x80, 0x7f, 0xf0, 0xc4, 0xc, 0x3, 0xff,
    0x83, 0xa0, 0xe0, 0x1f, 0xe4, 0x0, 0x20, 0x10,
    0x80, 0x7e, 0x2b, 0xf3, 0x30, 0x84, 0x0, 0x7e,
    0xb0, 0x13, 0x8, 0x6, 0x60, 0x7, 0x95, 0x82,
    0x40, 0xc, 0x81, 0x34, 0x60, 0x2, 0x9a, 0x3,
    0x70, 0xa, 0xd4, 0x17, 0x3f, 0xda, 0xc0, 0x98,
    0x1, 0xd5, 0x6a, 0x40, 0x1, 0x5b, 0xb0, 0x4,

    /* U+0044 "D" */
    0x2f, 0xff, 0xbb, 0x20, 0x40, 0x3f, 0xf8, 0x2,
    0x6f, 0xe8, 0x1, 0xed, 0xee, 0xdb, 0x22, 0x2b,
    0x30, 0xf, 0x8, 0xe2, 0x6f, 0x20, 0xe0, 0xf,
    0xfe, 0x0, 0xf0, 0x12, 0x0, 0x7f, 0xf0, 0xd,
    0x3, 0x40, 0x3f, 0xf8, 0x38, 0x8, 0x1, 0xff,
    0xc1, 0x20, 0x20, 0xf, 0xfe, 0x8, 0x80, 0x7f,
    0xf0, 0xc4, 0x3, 0xff, 0x86, 0x60, 0x1f, 0xfc,
    0x3e, 0x3, 0x0, 0xff, 0xe0, 0xa0, 0x28, 0x7,
    0xff, 0x0, 0xcc, 0x14, 0x1, 0xff, 0xf, 0x1,
    0x98, 0x3, 0x84, 0x71, 0xb7, 0x90, 0x70, 0x7,
    0x6f, 0x76, 0xc9, 0x11, 0x59, 0x0, 0x7f, 0x84,
    0xe3, 0xd0, 0x2,

    /* U+0045 "E" */
    0x1f, 0xff, 0xfe, 0x2, 0x80, 0x7f, 0xf1, 0x73,
    0xbb, 0xf9, 0x40, 0x21, 0x1f, 0xf0, 0x7, 0xff,
    0x88, 0x40, 0x3f, 0xf8, 0x39, 0xff, 0xfa, 0x80,
    0x3f, 0xf8, 0xdb, 0xff, 0xfa, 0x80, 0x3f, 0xfe,
    0x2, 0x3f, 0xe0, 0xd, 0x9d, 0xdf, 0xd6, 0x1,
    0xff, 0xc2,

    /* U+0046 "F" */
    0xf, 0xff, 0xfa, 0x40, 0x3f, 0xf8, 0x97, 0xdd,
    0xfa, 0x40, 0x30, 0x8f, 0xe0, 0xf, 0xff, 0x65,
    0xff, 0xfc, 0xa0, 0x1f, 0xfc, 0x5b, 0xee, 0xf9,
    0x40, 0x38, 0x47, 0xe0, 0xf, 0xff, 0xf8, 0x7,
    0x0,

    /* U+0047 "G" */
    0x0, 0xe6, 0xbe, 0xff, 0x6c, 0x98, 0x7, 0xcb,
    0xd2, 0x82, 0x0, 0x26, 0xca, 0x0, 0xe6, 0xa1,
    0x29, 0xdf, 0xf6, 0x30, 0x2d, 0x0, 0x47, 0x20,
    0xba, 0xc4, 0x0, 0x39, 0xa0, 0x54, 0x0, 0x40,
    0x1d, 0x0, 0x7c, 0xaa, 0xe, 0x2, 0x40, 0x80,
    0xf, 0xe9, 0x5f, 0x4, 0x0, 0x20, 0x7, 0xf1,
    0xd2, 0x87, 0x81, 0x80, 0x7f, 0xf0, 0x88, 0x18,
    0x3, 0xc2, 0x3f, 0x0, 0x7f, 0xf, 0x77, 0xc4,
    0x40, 0x60, 0xf, 0xfe, 0x17, 0x1, 0x0, 0x70,
    0xff, 0xee, 0x0, 0x94, 0x5, 0x0, 0x3f, 0xf8,
    0x24, 0x61, 0x20, 0x1f, 0xfc, 0x2e, 0x2, 0xb1,
    0x0, 0xfa, 0x40, 0x31, 0x50, 0x27, 0xc2, 0x11,
    0x12, 0x39, 0xc1, 0x8, 0x0, 0xb8, 0x42, 0xf7,
    0xba, 0xb7, 0x11, 0x4d, 0x80, 0x63, 0xda, 0x51,
    0x0, 0x12, 0xcf, 0x30, 0x0,

    /* U+0048 "H" */
    0x1f, 0xf1, 0x80, 0x7e, 0xef, 0x60, 0xf, 0xff,
    0xf8, 0x7, 0xff, 0x19, 0xc4, 0x7f, 0x0, 0x7a,
    0xfb, 0xbf, 0x8, 0x7, 0xff, 0x23, 0x3f, 0xff,
    0x8, 0x7, 0xff, 0xfc, 0x3, 0xff, 0xa8,

    /* U+0049 "I" */
    0xcf, 0x80, 0xf, 0xff, 0x38,

    /* U+004A "J" */
    0x0, 0xf8, 0xbf, 0xc4, 0x1, 0xff, 0xff, 0x0,
    0xff, 0xf1, 0xb, 0x30, 0x3, 0xe3, 0x59, 0xb0,
    0xc, 0x20, 0x1, 0x60, 0x21, 0x0, 0x90, 0x4,
    0x8, 0x81, 0xa6, 0x2b, 0x0, 0xe0, 0x9, 0x3,
    0xce, 0xa0, 0x28, 0x0, 0x26, 0x20, 0x81, 0x3e,
    0x8, 0x0,

    /* U+004B "K" */
    0x3f, 0xf0, 0x7, 0xc3, 0xbf, 0xe3, 0x0, 0xfe,
    0x1d, 0x20, 0xc3, 0x0, 0xfe, 0xd3, 0xc, 0x30,
    0xf, 0xeb, 0x30, 0xc3, 0x0, 0xfe, 0xb4, 0xc,
    0x30, 0xf, 0xea, 0x40, 0xb3, 0x0, 0xfe, 0xa5,
    0xb, 0x40, 0xf, 0xe9, 0x50, 0x54, 0x0, 0xfe,
    0x96, 0x0, 0x2a, 0x0, 0x7f, 0x30, 0x5a, 0x5,
    0x8, 0x7, 0xf5, 0xa4, 0x80, 0xd8, 0x7, 0xea,
    0x40, 0x29, 0x5, 0x60, 0xf, 0x94, 0x2, 0x64,
    0x9, 0x20, 0xf, 0xfa, 0x80, 0x1c, 0x1, 0xff,
    0xc, 0x81, 0xc0, 0x7, 0xfc, 0xc8, 0xe, 0x60,
    0x1f, 0xf5, 0x8, 0x70, 0x7, 0xfc, 0x36, 0x5,
    0x20,

    /* U+004C "L" */
    0x3f, 0xf0, 0x7, 0xff, 0xfc, 0x3, 0xff, 0xfe,
    0x1, 0xff, 0xd2, 0x11, 0xfc, 0x1, 0xbb, 0xbf,
    0x40, 0x7, 0xff, 0x0,

    /* U+004D "M" */
    0x3f, 0xf9, 0x40, 0x3f, 0xf, 0xfc, 0x40, 0x1b,
    0xc0, 0x3f, 0x20, 0x7, 0xe5, 0x0, 0xfd, 0xc0,
    0x1f, 0x18, 0x28, 0x7, 0xc8, 0x60, 0x1e, 0xb0,
    0xf0, 0xf, 0x28, 0x58, 0x7, 0x98, 0x10, 0x3,
    0xdc, 0xa, 0x1, 0xe1, 0x31, 0x40, 0xe, 0x43,
    0x20, 0xf, 0xac, 0x34, 0x3, 0x28, 0x58, 0x7,
    0xe5, 0x7, 0x0, 0xde, 0xa, 0x1, 0xf8, 0x88,
    0x26, 0x1, 0x29, 0x90, 0x7, 0xf5, 0x5, 0x80,
    0x14, 0x2c, 0x3, 0xfc, 0xa0, 0xa0, 0xf, 0x5,
    0x0, 0xff, 0x11, 0x60, 0x52, 0x20, 0x7, 0xfc,
    0xa1, 0x4a, 0x14, 0x1, 0xff, 0xc0, 0xb0, 0x4f,
    0x5, 0x0, 0xff, 0xe0, 0x19, 0x1a, 0x91, 0x0,
    0x3f, 0xf8, 0x2a, 0x0, 0xa0, 0xf, 0xfe, 0x15,
    0x80, 0x14, 0x3, 0xe0,

    /* U+004E "N" */
    0x2f, 0xf3, 0x80, 0x7e, 0xdf, 0x50, 0xa, 0x8,
    0x3, 0xff, 0x85, 0x20, 0x1f, 0xfc, 0x24, 0x60,
    0xf, 0xfe, 0x3, 0x4, 0x8, 0x7, 0xfd, 0x2,
    0x2b, 0x0, 0xff, 0x86, 0x81, 0x50, 0x3, 0xfe,
    0x45, 0xa, 0x0, 0xff, 0xe0, 0x58, 0x8a, 0x40,
    0x3f, 0xe1, 0x80, 0x63, 0x0, 0xff, 0x99, 0x3,
    0x80, 0x3f, 0xf8, 0x12, 0x5, 0x0, 0x1f, 0xf1,
    0x40, 0x39, 0x0, 0x7f, 0xce, 0x41, 0xc0, 0x1f,
    0xfc, 0xe, 0x3, 0x20, 0xf, 0xf8, 0xd8, 0x3,
    0xff, 0x85, 0x22, 0x1, 0xff, 0xc2, 0xa0, 0x8,

    /* U+004F "O" */
    0x0, 0xc3, 0x19, 0xdf, 0xd6, 0xc0, 0x1f, 0x9f,
    0x9c, 0xc4, 0x5, 0x27, 0x8c, 0x3, 0xa2, 0x0,
    0x75, 0xdf, 0xb0, 0x22, 0xc4, 0x0, 0x95, 0xc2,
    0x31, 0x44, 0x9, 0xfc, 0xc2, 0x84, 0x1, 0x0,
    0xce, 0x1, 0xe1, 0xd1, 0x14, 0x2, 0x10, 0x40,
    0x7, 0xe1, 0x80, 0x60, 0xc0, 0x31, 0x0, 0xfe,
    0x70, 0x2, 0x18, 0x28, 0x7, 0xf8, 0x44, 0x6,
    0xe0, 0x20, 0x1f, 0xf1, 0x7, 0x80, 0x7f, 0xf1,
    0x5, 0xc0, 0x40, 0x3f, 0xe1, 0xe, 0x30, 0x50,
    0xf, 0xf0, 0x90, 0x15, 0x81, 0x88, 0x7, 0xf3,
    0x80, 0x10, 0xc8, 0x2c, 0x3, 0xfa, 0xc1, 0x44,
    0x24, 0x15, 0xc0, 0x3e, 0xb2, 0x8, 0x0, 0x24,
    0x4, 0x5a, 0x8, 0xb, 0x6a, 0x5, 0x10, 0x4,
    0xf4, 0x9, 0x7d, 0xfd, 0x24, 0x36, 0xa0, 0x1c,
    0xbd, 0x6, 0x0, 0x14, 0x9e, 0x40, 0x8,

    /* U+0050 "P" */
    0x2f, 0xff, 0xdd, 0x48, 0x1, 0xff, 0xa, 0xdc,
    0x0, 0x6d, 0xee, 0xec, 0x40, 0x73, 0x0, 0xc2,
    0x3c, 0x76, 0x41, 0x20, 0x1f, 0xf2, 0x82, 0x0,
    0x7f, 0xdc, 0x2, 0x1, 0xff, 0x70, 0x10, 0x7,
    0xf8, 0x58, 0x10, 0x2, 0x11, 0xe2, 0x5c, 0x10,
    0xb0, 0xb, 0x3b, 0xb6, 0xd1, 0x4, 0x90, 0x7,
    0xf1, 0x36, 0xb0, 0x6, 0xdf, 0xfe, 0xd9, 0x20,
    0xf, 0xff, 0xf8, 0x7, 0xfc,

    /* U+0051 "Q" */
    0x0, 0xc5, 0x1b, 0xfe, 0xeb, 0x50, 0xf, 0xd1,
    0xae, 0x40, 0x1, 0x4a, 0xd2, 0x0, 0xea, 0x70,
    0x4b, 0xef, 0xd7, 0x12, 0xc3, 0x0, 0x9d, 0x42,
    0x6d, 0x4, 0xa, 0x3c, 0x87, 0x80, 0x28, 0x7,
    0x60, 0xf, 0xf, 0x81, 0x40, 0x30, 0x2, 0x0,
    0x3f, 0x13, 0x83, 0x6, 0x2, 0x80, 0x7f, 0xac,
    0x4, 0xdc, 0x34, 0x3, 0xfc, 0x60, 0x6, 0x20,
    0x10, 0xf, 0xf8, 0x40, 0x80, 0x3f, 0xf8, 0x82,
    0x40, 0x20, 0x1f, 0xf0, 0x81, 0xb0, 0x68, 0x7,
    0xf8, 0xc0, 0xf, 0xa0, 0xa0, 0x1f, 0xeb, 0x1,
    0x27, 0x0, 0x40, 0x6, 0x5d, 0x70, 0x17, 0x9,
    0x1, 0x90, 0x76, 0x0, 0x8c, 0xa3, 0x70, 0x5,
    0xc0, 0xc, 0xa1, 0x34, 0x80, 0xd8, 0x45, 0x6,
    0x80, 0x6a, 0x80, 0x5b, 0xff, 0x61, 0x0, 0x5e,
    0x40, 0x19, 0xf5, 0xc8, 0x0, 0x29, 0x5c, 0xa7,
    0xb0, 0x1, 0x8a, 0x37, 0xfd, 0xd6, 0xa3, 0x56,
    0x7a, 0x1, 0xff, 0xc2, 0x4c, 0x50,

    /* U+0052 "R" */
    0x1f, 0xff, 0xed, 0xa3, 0x0, 0xff, 0xe1, 0x12,
    0xe2, 0x80, 0x7b, 0x7f, 0xfd, 0x64, 0x14, 0x20,
    0x1f, 0xfc, 0x4, 0xf0, 0x3, 0x80, 0x7f, 0xf0,
    0x48, 0xc3, 0xc0, 0x3f, 0xfa, 0x46, 0x60, 0xc0,
    0xf, 0xf8, 0x5b, 0x40, 0x94, 0x3, 0xb7, 0xff,
    0xba, 0x44, 0xbc, 0x3, 0xff, 0x82, 0xb3, 0xa4,
    0x1, 0xed, 0xff, 0xac, 0x80, 0x5c, 0x3, 0xff,
    0x80, 0x98, 0x29, 0xa0, 0x1f, 0xfc, 0x11, 0xd0,
    0x39, 0x0, 0xff, 0xe0, 0x9b, 0x3, 0x20, 0x7,
    0xff, 0x6, 0x44, 0x24, 0x3, 0xff, 0x85, 0x60,
    0x4e, 0x1, 0xff, 0xc1, 0x54, 0x8, 0x20, 0xf,
    0xfe, 0xc, 0x80, 0x24, 0x0,

    /* U+0053 "S" */
    0x0, 0x92, 0xbb, 0xfb, 0x64, 0x80, 0x3a, 0xec,
    0xa2, 0x2, 0x4d, 0xae, 0x1, 0x4a, 0x4, 0x6f,
    0x72, 0xd0, 0x21, 0x40, 0x58, 0x29, 0xc8, 0x44,
    0x96, 0xa1, 0x0, 0x40, 0x5, 0x0, 0xf4, 0x1,
    0x8, 0x80, 0x4, 0x1, 0xe2, 0xab, 0x12, 0x20,
    0x7a, 0x0, 0x79, 0x50, 0x1, 0xc0, 0x57, 0xf6,
    0xe6, 0x1, 0xe3, 0xd4, 0x0, 0x24, 0x67, 0x48,
    0x80, 0x62, 0xbe, 0x95, 0x10, 0x16, 0xe4, 0x0,
    0xe1, 0x6a, 0xed, 0x71, 0xb, 0x20, 0xf, 0xc5,
    0x1e, 0x21, 0x59, 0xea, 0x1, 0xf0, 0xb0, 0x1b,
    0x87, 0x80, 0x7f, 0x87, 0x81, 0x54, 0x1, 0xe1,
    0x60, 0xc5, 0x40, 0xab, 0x52, 0x13, 0x7f, 0x12,
    0x60, 0xb4, 0x4, 0xad, 0xec, 0x81, 0x2c, 0x0,
    0xae, 0xcc, 0x42, 0x2, 0x93, 0xa2, 0x0,

    /* U+0054 "T" */
    0x7f, 0xff, 0xfe, 0x9, 0x80, 0x7f, 0xf0, 0xdf,
    0xbb, 0x8c, 0x1f, 0xbb, 0x8c, 0x4, 0x78, 0x2,
    0x11, 0xe0, 0xf, 0xff, 0xf8, 0x7, 0xff, 0xfc,
    0x3, 0xff, 0xe2,

    /* U+0055 "U" */
    0x1f, 0xf1, 0x0, 0x7e, 0xef, 0x60, 0xf, 0xff,
    0xf8, 0x7, 0xff, 0xfc, 0x2, 0x10, 0xf, 0xf1,
    0x88, 0x1, 0xc0, 0x3f, 0x8, 0x8, 0x18, 0x60,
    0x7, 0xc8, 0x0, 0x50, 0xb0, 0x72, 0x0, 0xf4,
    0x1, 0x88, 0x38, 0x86, 0xb9, 0x89, 0x2e, 0x18,
    0x78, 0x5, 0xa2, 0x11, 0x9d, 0xb4, 0x61, 0x46,
    0x1, 0x1f, 0xc9, 0x88, 0x9, 0xbf, 0x28, 0x0,

    /* U+0056 "V" */
    0xbf, 0xb0, 0xf, 0xf5, 0x7d, 0x70, 0x20, 0x80,
    0x7f, 0x28, 0x72, 0x88, 0x38, 0x7, 0xe6, 0x1,
    0x40, 0x70, 0xa0, 0xf, 0xda, 0xc, 0x0, 0xa0,
    0x31, 0x0, 0xf0, 0xa0, 0x50, 0x0, 0xc8, 0x18,
    0x3, 0xcc, 0x6, 0x40, 0x15, 0x5, 0x80, 0x7a,
    0xc2, 0x80, 0x33, 0x1, 0x90, 0x6, 0x23, 0x6,
    0x0, 0xc2, 0x60, 0xa0, 0x1a, 0x81, 0x40, 0x3d,
    0x41, 0x60, 0x19, 0x43, 0x80, 0x3c, 0xc0, 0x64,
    0x0, 0x32, 0x14, 0x0, 0xf9, 0x41, 0x40, 0x14,
    0xc, 0x1, 0xfb, 0x82, 0x80, 0xe, 0x14, 0x1,
    0xf9, 0x4, 0x88, 0x82, 0x64, 0x1, 0xfc, 0xc0,
    0xba, 0x14, 0x1, 0xfe, 0xa0, 0xb7, 0x6, 0x0,
    0xff, 0x11, 0x98, 0x54, 0x3, 0xff, 0x81, 0x40,
    0xe, 0x0, 0xf0,

    /* U+0057 "W" */
    0x9f, 0xb0, 0xf, 0xf, 0xfb, 0x80, 0x3e, 0xff,
    0x26, 0x2, 0x0, 0x79, 0xc0, 0x2, 0x40, 0x1c,
    0x80, 0x4, 0x40, 0x0, 0x80, 0x3b, 0x0, 0x81,
    0x0, 0x38, 0xc1, 0x0, 0x48, 0x10, 0x3, 0x90,
    0x2c, 0x34, 0x3, 0xb0, 0x30, 0x0, 0x81, 0xe0,
    0x18, 0xc4, 0xdc, 0x10, 0x3, 0x90, 0x10, 0x1,
    0xa0, 0x80, 0x19, 0x2, 0xc4, 0x80, 0xc0, 0x23,
    0x1, 0x30, 0x2, 0x81, 0x8, 0x5, 0x80, 0x80,
    0xa1, 0x60, 0x12, 0x82, 0x0, 0x42, 0x60, 0xa0,
    0x12, 0x1, 0x86, 0x2, 0x0, 0x58, 0x18, 0x1,
    0x90, 0x30, 0x0, 0x80, 0x80, 0x4, 0x3, 0x10,
    0x2, 0x2, 0x0, 0x6c, 0x3, 0x0, 0x60, 0x68,
    0x4, 0x60, 0xa0, 0x23, 0x10, 0x6, 0x40, 0x40,
    0x2, 0x82, 0x0, 0x48, 0x18, 0x8, 0x8, 0x1,
    0xe3, 0x2, 0x12, 0x12, 0x0, 0xac, 0x10, 0x30,
    0x3c, 0x3, 0xc8, 0xe, 0x80, 0x80, 0x18, 0xc0,
    0xc1, 0x41, 0x0, 0x3d, 0x81, 0x98, 0xf, 0x0,
    0xe4, 0x4, 0x32, 0x10, 0xf, 0x20, 0x2a, 0x81,
    0x0, 0x3b, 0x3, 0x81, 0x0, 0x3f, 0x19, 0xc4,
    0x20, 0x1c, 0xa0, 0xa1, 0x80, 0x1f, 0x90, 0x0,
    0x80, 0x1e, 0x21, 0x0, 0x20, 0x7, 0xec, 0x0,
    0x68, 0x7, 0xc8, 0x6, 0x20, 0x18,

    /* U+0058 "X" */
    0xc, 0xfe, 0x0, 0xfc, 0xff, 0xc2, 0x1c, 0x3,
    0x20, 0x1e, 0x38, 0xb, 0x10, 0x29, 0x6, 0x40,
    0xe, 0xe0, 0x65, 0x0, 0x99, 0x2, 0x84, 0x2,
    0xa2, 0x24, 0x80, 0x75, 0x0, 0xd8, 0x1, 0x54,
    0x1c, 0x1, 0xe1, 0x90, 0x54, 0x1b, 0x8, 0x30,
    0xf, 0x99, 0x2, 0x68, 0x4d, 0xc0, 0x3f, 0xa8,
    0x49, 0x3, 0x40, 0x3f, 0xc3, 0x0, 0x7, 0x10,
    0xf, 0xfa, 0xc0, 0xe, 0x20, 0x1f, 0xe9, 0x22,
    0x8, 0x50, 0x7, 0xf2, 0x30, 0x4d, 0x82, 0x30,
    0x7, 0xc3, 0x40, 0xc8, 0xaa, 0x9, 0x20, 0xf,
    0x50, 0x8a, 0x40, 0x16, 0x21, 0xc0, 0x1c, 0xc8,
    0x14, 0x1, 0xd, 0x81, 0xb8, 0x4, 0x52, 0xe,
    0x80, 0x19, 0x54, 0x10, 0x40, 0xe, 0x2, 0x80,
    0xf, 0x58, 0x87, 0x4, 0x18, 0x70, 0x7, 0xc3,
    0x40, 0x70,

    /* U+0059 "Y" */
    0x9f, 0xf1, 0x0, 0x7e, 0x2f, 0xf3, 0xc0, 0x87,
    0x0, 0x7e, 0xe0, 0x27, 0x1b, 0x3, 0x60, 0xf,
    0x31, 0x87, 0x0, 0x15, 0x2, 0x4, 0x3, 0xc,
    0x3, 0x98, 0x5, 0x40, 0x36, 0x1, 0xac, 0x4a,
    0x0, 0x30, 0xc8, 0x2a, 0x0, 0x11, 0x43, 0x80,
    0x3c, 0xc6, 0x12, 0x0, 0x90, 0x73, 0x0, 0xfb,
    0x80, 0x99, 0xc8, 0x90, 0x1, 0xf8, 0x9c, 0x22,
    0x1, 0xc0, 0x1f, 0xe8, 0x21, 0x7, 0x30, 0xf,
    0xfa, 0x0, 0x10, 0x1, 0xff, 0xff, 0x0, 0xff,
    0xef, 0x80,

    /* U+005A "Z" */
    0x8, 0xff, 0xff, 0xb0, 0x3, 0xff, 0x8b, 0x1d,
    0xdf, 0xa4, 0x1, 0x60, 0x10, 0x8f, 0xc5, 0x20,
    0xae, 0x1, 0xfc, 0x3c, 0x5, 0x40, 0x1f, 0xeb,
    0x20, 0xf0, 0xf, 0xf3, 0xa8, 0x49, 0x0, 0x7f,
    0x1c, 0x3, 0x30, 0x3, 0xf8, 0x74, 0xa, 0x40,
    0x3f, 0xd4, 0x21, 0xe0, 0x1f, 0xe7, 0x40, 0xa2,
    0x0, 0xfe, 0x38, 0x7, 0x50, 0xf, 0xe1, 0xd0,
    0x38, 0x0, 0xff, 0x50, 0x8b, 0x40, 0x3f, 0xd0,
    0x81, 0x42, 0x1, 0xfc, 0x8e, 0xe, 0xa2, 0x3f,
    0xc1, 0x80, 0x7, 0xee, 0xff, 0x8, 0x7, 0xff,
    0xc,

    /* U+005B "[" */
    0x6f, 0xfc, 0x80, 0x11, 0x99, 0xc0, 0x9, 0x98,
    0x30, 0xf, 0xff, 0xf8, 0x7, 0xff, 0x5d, 0x33,
    0x6, 0x1, 0x19, 0x9c,

    /* U+005C "\\" */
    0xdd, 0x0, 0x72, 0x10, 0x80, 0x6d, 0x7, 0x0,
    0xc8, 0x18, 0x1, 0xc6, 0x80, 0x1d, 0x62, 0x60,
    0x19, 0x1, 0x0, 0x31, 0x8d, 0x80, 0x72, 0x18,
    0x7, 0x78, 0x28, 0x6, 0x40, 0xc0, 0xc, 0x24,
    0xe0, 0x1c, 0xa2, 0x40, 0x1b, 0x1, 0x0, 0x32,
    0x6, 0x80, 0x72, 0x20, 0x3, 0xb4, 0x10, 0x3,
    0x20, 0x60,

    /* U+005D "]" */
    0x8f, 0xfc, 0x3c, 0x66, 0x0, 0x9b, 0x30, 0x1,
    0xff, 0xff, 0x0, 0xff, 0xec, 0x36, 0x60, 0x2,
    0xe3, 0x30, 0x4,

    /* U+005E "^" */
    0x0, 0xc5, 0x8, 0x1, 0xfa, 0x1e, 0x80, 0x3e,
    0x15, 0x1, 0x50, 0xf, 0x48, 0x38, 0x48, 0x7,
    0x98, 0x21, 0xc, 0xc0, 0x19, 0x85, 0x83, 0x82,
    0x40, 0x35, 0x85, 0x82, 0x8a, 0x88, 0x1, 0x8,
    0xc8, 0x0, 0xc1, 0x20, 0xf, 0xa, 0x0, 0xa4,
    0x18, 0x9, 0x1, 0x80, 0x21, 0x41, 0x60,

    /* U+005F "_" */
    0x39, 0x9f, 0xfe, 0xa, 0xb3, 0x7f, 0xf0, 0xbc,

    /* U+0060 "`" */
    0x45, 0x50, 0x5, 0x54, 0x40, 0x48, 0xf, 0x0,
    0x3a, 0xa1, 0x80,

    /* U+0061 "a" */
    0x0, 0x92, 0xbb, 0xfd, 0xb0, 0x20, 0x1a, 0x6d,
    0x40, 0xc4, 0x9f, 0xc4, 0x0, 0x8c, 0x17, 0xd9,
    0xd6, 0x2, 0xc0, 0xd, 0x7, 0x40, 0x9, 0x18,
    0x38, 0x1, 0x3f, 0x0, 0x1c, 0x20, 0x60, 0x1c,
    0x6d, 0x15, 0xce, 0x1, 0xcf, 0xd9, 0x2e, 0xa4,
    0x60, 0x1a, 0x20, 0x2d, 0x39, 0xf9, 0x60, 0x19,
    0xc2, 0x64, 0xc6, 0x0, 0xe0, 0x8, 0x40, 0x8,
    0x1, 0xce, 0x1, 0x8, 0x2, 0xc0, 0x21, 0xb1,
    0x1, 0x0, 0x40, 0x37, 0x5e, 0x72, 0x20, 0x18,
    0x0, 0xf6, 0x60, 0x84, 0xb7, 0x60, 0x22, 0x0,

    /* U+0062 "b" */
    0x6f, 0xb0, 0xf, 0xff, 0x81, 0x57, 0x7e, 0x30,
    0x7, 0x36, 0x29, 0x91, 0xcd, 0x0, 0x62, 0x3d,
    0xda, 0xc1, 0x58, 0x3, 0x79, 0x0, 0x12, 0x42,
    0xc0, 0x23, 0x20, 0xc, 0xc0, 0x44, 0x0, 0x20,
    0x7, 0x88, 0x18, 0x3, 0xfe, 0x10, 0xf, 0xf8,
    0x40, 0x6, 0x1, 0xc2, 0x40, 0xa0, 0x4, 0x10,
    0xc, 0xc0, 0x62, 0x1, 0x68, 0x80, 0x16, 0x2,
    0x40, 0x24, 0x3e, 0xce, 0xa0, 0x75, 0x0, 0x8f,
    0x50, 0xc5, 0x2e, 0x0, 0x0,

    /* U+0063 "c" */
    0x0, 0x8a, 0x77, 0xfa, 0xcc, 0x3, 0x2e, 0xb1,
    0x18, 0x26, 0x28, 0x0, 0x68, 0x1f, 0xf3, 0x9c,
    0x28, 0x42, 0x41, 0x20, 0x2, 0x83, 0x7, 0x5,
    0xe, 0x0, 0xed, 0xe6, 0x2, 0x7, 0x0, 0xe1,
    0x10, 0x6, 0x30, 0xf, 0xf8, 0xc0, 0x3f, 0x88,
    0x1c, 0x3, 0x97, 0x1c, 0x10, 0x38, 0x3, 0xb8,
    0xfc, 0x2c, 0x12, 0x0, 0x27, 0x40, 0x90, 0x2a,
    0x7, 0xec, 0xe8, 0xa, 0x10, 0x2, 0xea, 0x81,
    0x82, 0xe2, 0x80,

    /* U+0064 "d" */
    0x0, 0xfe, 0x7f, 0x90, 0xf, 0xff, 0x3a, 0x5f,
    0x7d, 0x98, 0x7, 0x3d, 0xa0, 0x12, 0x65, 0x80,
    0x47, 0x1, 0x3d, 0xbc, 0x86, 0x1, 0x48, 0x33,
    0x0, 0x3, 0x62, 0x1, 0x28, 0x50, 0x7, 0x38,
    0x0, 0x40, 0x6, 0x1, 0xde, 0x0, 0x30, 0xf,
    0xc6, 0x0, 0x30, 0xf, 0xf8, 0x44, 0x6, 0x1,
    0xda, 0x1, 0x38, 0x48, 0x7, 0x28, 0x5, 0x60,
    0xae, 0x1, 0x51, 0x0, 0x45, 0x41, 0x1d, 0x9e,
    0xa8, 0x1, 0x97, 0x14, 0xc, 0xd7, 0xc0, 0x0,

    /* U+0065 "e" */
    0x0, 0x8a, 0x77, 0xfa, 0xd0, 0x3, 0x93, 0x58,
    0x88, 0x69, 0x70, 0x1, 0x15, 0x83, 0x7e, 0xea,
    0xc5, 0xd4, 0x1, 0x60, 0x92, 0x1, 0x25, 0x84,
    0x0, 0x1c, 0x38, 0x3, 0x94, 0x8, 0x80, 0x21,
    0x19, 0x9e, 0x0, 0x30, 0x80, 0x8, 0xcf, 0xc0,
    0x1, 0x0, 0xb7, 0xff, 0xf2, 0x88, 0x81, 0xc0,
    0x3c, 0x84, 0x0, 0x40, 0x90, 0xe, 0x4b, 0xd1,
    0x8, 0x3, 0x90, 0x8, 0xe8, 0x18, 0x40, 0xa8,
    0x1b, 0xf3, 0x70, 0x4e, 0x40, 0x25, 0xd6, 0x23,
    0x23, 0x8c, 0x0, 0x0,

    /* U+0066 "f" */
    0x0, 0xa3, 0xbf, 0x94, 0x0, 0xee, 0x10, 0x11,
    0x0, 0x28, 0x1b, 0xfc, 0x80, 0x3, 0xa, 0x0,
    0xff, 0xb3, 0xc4, 0x33, 0xe4, 0x11, 0x40, 0x8,
    0xbe, 0x11, 0x42, 0x11, 0x4c, 0x1, 0xff, 0xff,
    0x0, 0xf0,

    /* U+0067 "g" */
    0x0, 0x8e, 0xfb, 0xf1, 0x4f, 0xf0, 0x0, 0xd8,
    0x80, 0x66, 0xa9, 0x0, 0x8a, 0x42, 0x7b, 0x39,
    0x14, 0x2, 0x80, 0x66, 0x0, 0x6, 0xc8, 0x2,
    0x50, 0xb0, 0xe, 0xa0, 0x0, 0x80, 0x8, 0x3,
    0x8c, 0x0, 0x40, 0x1f, 0x9c, 0x0, 0x20, 0x1f,
    0x9c, 0x0, 0x40, 0x2, 0x0, 0xe3, 0x0, 0x94,
    0x28, 0x3, 0xa8, 0x2, 0x90, 0x76, 0x0, 0xa8,
    0x80, 0x23, 0x80, 0x9e, 0xcf, 0x53, 0x7, 0x0,
    0x3d, 0xa0, 0x99, 0xae, 0x80, 0x39, 0x2f, 0xfd,
    0x88, 0x20, 0x41, 0x78, 0x80, 0x1d, 0x61, 0xe0,
    0x66, 0x81, 0x0, 0xa0, 0xc5, 0xc2, 0x48, 0xfb,
    0x75, 0xee, 0x14, 0x20, 0x3b, 0x6, 0x62, 0x23,
    0x6a, 0x0,

    /* U+0068 "h" */
    0x6f, 0xb0, 0xf, 0xff, 0x58, 0xcf, 0x7e, 0xc0,
    0x6, 0x6f, 0x60, 0x12, 0x7d, 0x0, 0x88, 0xf3,
    0xb9, 0x60, 0x4c, 0x1, 0x79, 0x80, 0x11, 0x43,
    0xc0, 0x4, 0x40, 0xd, 0xa0, 0x40, 0x6, 0x0,
    0xe1, 0x0, 0xff, 0xff, 0x80, 0x60,

    /* U+0069 "i" */
    0x6f, 0xb0, 0x9, 0x63, 0x8d, 0xd4, 0x2, 0x6f,
    0xb0, 0xf, 0xfe, 0xc0,

    /* U+006A "j" */
    0x0, 0x9b, 0xec, 0x3, 0xf9, 0x5f, 0x80, 0x23,
    0x85, 0x0, 0xfe, 0x6f, 0xb0, 0xf, 0xff, 0xf8,
    0x0, 0x40, 0x21, 0x0, 0xec, 0x2, 0xd, 0xf4,
    0xb, 0x0, 0x8a, 0x4c,

    /* U+006B "k" */
    0x6f, 0xb0, 0xf, 0xff, 0x7d, 0xfe, 0x88, 0x7,
    0xad, 0xb, 0x4, 0x3, 0xa9, 0xb, 0x4, 0x3,
    0xa5, 0x4b, 0x4, 0x3, 0xa1, 0x87, 0x4, 0x3,
    0x91, 0xc0, 0x4c, 0x3, 0xe1, 0x30, 0x90, 0xf,
    0xe, 0x70, 0x23, 0x0, 0x72, 0x91, 0x20, 0x20,
    0x40, 0x3e, 0x72, 0x1b, 0x0, 0xfd, 0xc0, 0xa8,
    0x1, 0xf1, 0xb0, 0x50, 0x7, 0xe8, 0x11, 0x48,

    /* U+006C "l" */
    0x7f, 0xa0, 0xf, 0xff, 0x38,

    /* U+006D "m" */
    0x6f, 0x71, 0xae, 0xfc, 0x50, 0x3, 0x6f, 0xf4,
    0x88, 0x5, 0xde, 0xa0, 0x3, 0xa5, 0xa9, 0x21,
    0x13, 0x68, 0x4, 0xc7, 0xbd, 0xea, 0x14, 0xb3,
    0xfd, 0x40, 0x66, 0x0, 0xbc, 0x80, 0x10, 0x0,
    0x86, 0x0, 0x29, 0x82, 0x80, 0x8, 0x80, 0x11,
    0x0, 0x10, 0x3, 0x30, 0x8, 0x1, 0x80, 0x3e,
    0x20, 0xf, 0xff, 0xf8, 0x7, 0xff, 0xb8,

    /* U+006E "n" */
    0x6f, 0x71, 0x9e, 0xfd, 0x81, 0x0, 0xbb, 0xd8,
    0x44, 0x4f, 0x80, 0x13, 0x1e, 0x7f, 0x50, 0x13,
    0x0, 0x5e, 0x60, 0x5, 0x50, 0x60, 0x0, 0x88,
    0x1, 0xb4, 0x3, 0x30, 0x7, 0x8, 0x8, 0x7,
    0xff, 0xfc, 0x0,

    /* U+006F "o" */
    0x0, 0x8a, 0xbb, 0xfa, 0xd0, 0x3, 0x9b, 0x54,
    0x4c, 0x12, 0xe4, 0x2, 0x39, 0x7, 0xfc, 0xea,
    0x6, 0x60, 0x2, 0x1, 0x60, 0x2, 0x59, 0x8,
    0x0, 0x20, 0x48, 0x7, 0x30, 0x9, 0x90, 0x0,
    0xc0, 0x3c, 0x60, 0xa0, 0x1f, 0xe7, 0x1, 0x0,
    0xff, 0x38, 0x9, 0x0, 0xc, 0x3, 0xc6, 0x4,
    0x8, 0x12, 0x1, 0xcc, 0x0, 0x40, 0x80, 0x58,
    0x0, 0x96, 0x42, 0x0, 0x7, 0x20, 0xfd, 0x9d,
    0x40, 0xce, 0x1, 0x36, 0xa8, 0x18, 0x25, 0xc8,
    0x0,

    /* U+0070 "p" */
    0x6f, 0x82, 0xbe, 0xfc, 0x50, 0xe, 0x2d, 0x45,
    0x33, 0x55, 0x0, 0x32, 0x96, 0xde, 0x60, 0x55,
    0x80, 0x37, 0x90, 0x0, 0xec, 0x2c, 0x2, 0x32,
    0x0, 0xca, 0x4, 0x40, 0x2, 0x80, 0x78, 0x81,
    0x80, 0x2, 0x1, 0xe1, 0x1, 0x0, 0xfe, 0x10,
    0x10, 0x1, 0x80, 0x78, 0x81, 0x80, 0x8, 0x40,
    0x19, 0x80, 0xc8, 0x2, 0xe1, 0x0, 0x24, 0x84,
    0x0, 0x44, 0x7d, 0x9b, 0x61, 0x8, 0x1, 0x36,
    0x21, 0x99, 0x2d, 0xc0, 0x38, 0xef, 0xfa, 0xd0,
    0x3, 0xff, 0xce,

    /* U+0071 "q" */
    0x0, 0x92, 0xfb, 0xf1, 0x11, 0xf4, 0x0, 0x7b,
    0x43, 0x42, 0xbd, 0x0, 0x8e, 0x2, 0xb6, 0xf9,
    0x18, 0x2, 0x90, 0x65, 0x0, 0xac, 0x40, 0x25,
    0xa, 0x0, 0xe6, 0x0, 0x8, 0x0, 0x80, 0x3b,
    0x40, 0x6, 0x0, 0x10, 0xe, 0x10, 0x1, 0x80,
    0x4, 0x3, 0x84, 0x0, 0x22, 0x5, 0x0, 0xe2,
    0x0, 0x9c, 0x38, 0x3, 0xa8, 0x2, 0xb0, 0x58,
    0x0, 0xa8, 0x80, 0x22, 0xb0, 0x7e, 0xcf, 0x52,
    0x0, 0xc9, 0xaa, 0x6, 0x6b, 0xa0, 0xe, 0x2a,
    0xef, 0xc4, 0x0, 0xff, 0xf3, 0x80,

    /* U+0072 "r" */
    0x7f, 0x74, 0xdf, 0xc2, 0x0, 0x75, 0x90, 0x19,
    0x0, 0x18, 0xaa, 0xe4, 0x3, 0x7a, 0xa3, 0x0,
    0x44, 0x40, 0xf, 0x30, 0x7, 0xc2, 0x1, 0xff,
    0xe9,

    /* U+0073 "s" */
    0x0, 0x14, 0xef, 0xf6, 0x38, 0x6, 0x2d, 0x63,
    0x3d, 0x16, 0x1, 0x48, 0x37, 0x66, 0xe0, 0x22,
    0x80, 0x14, 0x28, 0x2, 0x38, 0x51, 0x0, 0x28,
    0x79, 0x80, 0x4f, 0x48, 0x0, 0x80, 0x3c, 0xfa,
    0x61, 0x0, 0xc7, 0xaa, 0x0, 0x59, 0xe9, 0x0,
    0xc5, 0x5f, 0x6e, 0x40, 0xd4, 0x0, 0x23, 0x0,
    0x24, 0x6c, 0x82, 0x80, 0xee, 0x8, 0x6, 0x40,
    0x8, 0x50, 0x28, 0x40, 0x28, 0x4, 0x0, 0x48,
    0xa7, 0x6e, 0xbd, 0x46, 0x40, 0x5, 0x8c, 0x45,
    0x9f, 0xc8, 0x0,

    /* U+0074 "t" */
    0x0, 0x88, 0x3, 0x9f, 0x44, 0x3, 0x40, 0x7,
    0xff, 0x1a, 0x7c, 0x1, 0xde, 0x7e, 0xa0, 0x4,
    0x51, 0x6a, 0x0, 0x55, 0x8, 0x3, 0xff, 0xd2,
    0x80, 0x18, 0xc2, 0xbd, 0x0, 0x1c, 0x60, 0x22,

    /* U+0075 "u" */
    0x7f, 0xa0, 0xe, 0x7f, 0xa0, 0xf, 0xff, 0xf7,
    0x80, 0x7f, 0x88, 0x0, 0x20, 0xe0, 0x1c, 0x80,
    0x4, 0x2, 0x70, 0x1, 0x58, 0x80, 0x9, 0x42,
    0x3f, 0xb5, 0x20, 0x2, 0xa9, 0x20, 0x2, 0xe9,
    0x80, 0x0,

    /* U+0076 "v" */
    0x8f, 0xb0, 0xf, 0x57, 0xc5, 0x2, 0x8, 0x7,
    0x28, 0x51, 0x18, 0x38, 0x6, 0x50, 0x22, 0x5,
    0x6, 0x80, 0x6f, 0xa, 0x0, 0x38, 0x20, 0x80,
    0x4a, 0xc, 0x0, 0x15, 0x7, 0x0, 0x30, 0x20,
    0x80, 0x5e, 0x14, 0x0, 0xd0, 0xe0, 0xc, 0xa2,
    0x62, 0x24, 0x5, 0x0, 0xe7, 0x7, 0x70, 0x28,
    0x7, 0xa8, 0x37, 0x41, 0xc0, 0x1e, 0x32, 0x44,
    0xa, 0x0, 0x7c, 0xa0, 0x6, 0x0, 0xfd, 0x40,
    0xb, 0x0, 0xc0,

    /* U+0077 "w" */
    0xcf, 0x60, 0xd, 0x1f, 0xc0, 0x18, 0x7f, 0xc1,
    0x61, 0x80, 0x19, 0x0, 0x48, 0x2, 0x40, 0x40,
    0x40, 0x40, 0x8, 0x4c, 0x0, 0x80, 0x16, 0x6,
    0x81, 0x88, 0x88, 0x0, 0x80, 0x61, 0x80, 0x13,
    0x83, 0x80, 0x1c, 0x14, 0x1, 0x81, 0x0, 0xe0,
    0x2, 0x13, 0x10, 0x6, 0x6, 0x0, 0x10, 0x10,
    0x88, 0x20, 0xa1, 0x60, 0x12, 0x82, 0x0, 0x92,
    0x2, 0x2, 0x6, 0x2, 0x0, 0x64, 0x3, 0x40,
    0xc0, 0xc0, 0xc0, 0x41, 0x30, 0xd, 0x80, 0x98,
    0x8, 0x8, 0x8, 0xa0, 0xe0, 0x1c, 0xa1, 0x68,
    0x6, 0x2, 0x44, 0xe0, 0xd0, 0xe, 0x22, 0x19,
    0x20, 0x4, 0x80, 0x80, 0x80, 0x1e, 0x40, 0x6,
    0x0, 0x58, 0x0, 0x40, 0xf, 0xb4, 0x0, 0x80,
    0x12, 0x0, 0x34, 0x3, 0x0,

    /* U+0078 "x" */
    0x2f, 0xf3, 0x80, 0x65, 0xff, 0x11, 0x20, 0x20,
    0x80, 0x3, 0x61, 0x4, 0xe, 0x61, 0x20, 0xa,
    0x14, 0x70, 0xb, 0x81, 0x15, 0x90, 0x68, 0x3,
    0x14, 0x5, 0xc8, 0x58, 0x80, 0x73, 0x98, 0x82,
    0xa8, 0x3, 0xeb, 0x0, 0x68, 0x7, 0xc5, 0x0,
    0x8, 0x20, 0xf, 0x70, 0x33, 0x3, 0x80, 0x39,
    0xcc, 0x62, 0x2, 0x6e, 0x1, 0x14, 0x5, 0x88,
    0xac, 0x20, 0x80, 0x1c, 0x8, 0xa0, 0x5, 0x40,
    0xe0, 0x73, 0xa, 0x0, 0xd2, 0x6, 0xe0,

    /* U+0079 "y" */
    0x6f, 0xd0, 0xf, 0x3f, 0xcb, 0x81, 0x10, 0x3,
    0xa8, 0x28, 0x50, 0x28, 0x3, 0x19, 0x9, 0x87,
    0x2, 0x80, 0x6a, 0x6, 0x0, 0x28, 0x91, 0x80,
    0x4e, 0x14, 0x1, 0x38, 0x50, 0x1, 0x4, 0xc8,
    0x2, 0xa0, 0x70, 0x7, 0x5, 0x0, 0x63, 0x21,
    0x40, 0x50, 0x70, 0xe, 0xa0, 0xd4, 0x4, 0x10,
    0xe, 0x50, 0x7d, 0xe, 0x0, 0xf1, 0x18, 0xb0,
    0x28, 0x7, 0xd4, 0x0, 0x60, 0xf, 0xcc, 0x0,
    0xd0, 0xf, 0xc4, 0x2, 0x80, 0x1f, 0xa8, 0x18,
    0x3, 0xc4, 0x2a, 0xe1, 0x20, 0x1e, 0x8e, 0xa0,
    0x81, 0x0, 0xf6, 0x80, 0xc3, 0x80, 0x78,

    /* U+007A "z" */
    0x1f, 0xff, 0xf0, 0x89, 0x13, 0xe1, 0x1, 0x10,
    0x5d, 0xfb, 0xc4, 0x28, 0x3, 0xe2, 0xb0, 0x94,
    0x0, 0xf0, 0xf8, 0x33, 0x0, 0x3e, 0xa2, 0x39,
    0x0, 0xfa, 0x50, 0x74, 0x3, 0xe6, 0x60, 0x68,
    0x80, 0x79, 0x24, 0x24, 0xc0, 0x3c, 0x54, 0xe,
    0xc0, 0x1e, 0x1f, 0x14, 0x80, 0xf, 0xa4, 0x81,
    0xf3, 0x77, 0xcc, 0x1, 0x19, 0x88, 0xbc, 0x20,

    /* U+007B "{" */
    0x0, 0xcd, 0xde, 0xe0, 0x12, 0x48, 0x80, 0x80,
    0x5c, 0x11, 0xec, 0x1, 0x38, 0x28, 0x7, 0x18,
    0x18, 0x7, 0xff, 0xc, 0x40, 0x38, 0x40, 0x3f,
    0xf8, 0x46, 0x8, 0x1, 0x8b, 0x83, 0xc0, 0x25,
    0xd2, 0x94, 0x0, 0xf0, 0x80, 0x65, 0xd3, 0x86,
    0x0, 0xc5, 0xe1, 0x60, 0x1c, 0x60, 0x40, 0x1e,
    0x10, 0xf, 0xe1, 0x0, 0xff, 0xe0, 0x98, 0x7,
    0xcc, 0xe, 0x1, 0xda, 0x13, 0xcc, 0x1, 0x34,
    0x8, 0xc0,

    /* U+007C "|" */
    0xcf, 0x0, 0xff, 0xfb, 0x80,

    /* U+007D "}" */
    0x7f, 0xd6, 0x0, 0xc2, 0x5, 0x28, 0x1, 0x37,
    0xc0, 0x70, 0x7, 0x28, 0x38, 0x7, 0x18, 0x18,
    0x7, 0xff, 0x4, 0x40, 0x3f, 0x84, 0x3, 0xc2,
    0x1, 0xf2, 0x81, 0x80, 0x77, 0x87, 0x10, 0x6,
    0x4a, 0x2d, 0x50, 0xc, 0x40, 0x1e, 0x68, 0x3d,
    0x50, 0xa, 0x83, 0xc8, 0x3, 0x18, 0x18, 0x7,
    0x84, 0x3, 0xff, 0x82, 0x20, 0x1f, 0xc6, 0x1,
    0xce, 0xc, 0x1, 0x37, 0x48, 0x70, 0x4, 0x23,
    0x4a, 0x80, 0x40,

    /* U+007E "~" */
    0x0, 0xff, 0xe0, 0x8c, 0xf7, 0xe3, 0x88, 0x6,
    0x80, 0xc6, 0x10, 0x38, 0xea, 0x55, 0x63, 0x81,
    0x25, 0x51, 0x80, 0xb, 0x54, 0x31, 0x7, 0xb5,
    0x54, 0xfc, 0x10, 0xb, 0x78, 0x40, 0x7, 0x3e,
    0xff, 0x48, 0x80,

    /* U+00B0 "°" */
    0x0, 0xfc, 0x59, 0xfc, 0xe0, 0x38, 0xf7, 0x10,
    0x77, 0x5, 0xa3, 0x4c, 0x80, 0xc0, 0x23, 0x4,
    0x28, 0x14, 0xb7, 0x2a, 0x6e, 0xb4, 0x90, 0x5e,
    0xde, 0xa0,

    /* U+00B5 "µ" */
    0x2f, 0xf0, 0x7, 0x17, 0xf8, 0x3, 0xff, 0xfc,
    0x20, 0x1c, 0x40, 0x19, 0xc0, 0x39, 0x0, 0x37,
    0x0, 0x74, 0xa8, 0xc, 0x28, 0x7, 0xd, 0x7f,
    0x39, 0x80, 0x76, 0x20, 0xa, 0xe8, 0x7, 0x15,
    0xff, 0x50, 0xff, 0x80, 0x3f, 0xfc, 0x0,

    /* U+00C0 "À" */
    0x0, 0xf2, 0xff, 0x90, 0x3, 0xff, 0x84, 0xae,
    0x10, 0x1, 0xff, 0xc3, 0x84, 0x34, 0x0, 0xff,
    0xe1, 0xd5, 0x1c, 0x3, 0xff, 0x85, 0x3d, 0x40,
    0x1f, 0xfc, 0x36, 0x0, 0x50, 0x7, 0xff, 0x5,
    0x41, 0x1, 0x80, 0x3f, 0xf8, 0x3c, 0x1a, 0x60,
    0xc0, 0x1f, 0xf0, 0xa0, 0x3d, 0x85, 0x0, 0x7f,
    0xcc, 0x4, 0x2a, 0x6, 0x40, 0x1f, 0xea, 0xa,
    0x2, 0x20, 0x50, 0x7, 0xf1, 0x90, 0x28, 0x2,
    0x81, 0x80, 0x3f, 0xac, 0xc, 0x80, 0xc, 0x2,
    0xa0, 0x1f, 0x98, 0x2c, 0x2, 0x13, 0xe, 0x0,
    0xf9, 0x4, 0x18, 0x3, 0x50, 0x20, 0x80, 0x7b,
    0x80, 0x1d, 0xff, 0xa4, 0x1, 0x20, 0x1e, 0x50,
    0x11, 0xf8, 0x0, 0xc0, 0x1c, 0xc0, 0xf, 0xee,
    0xf5, 0x80, 0xa0, 0x6, 0xa0, 0x51, 0x0, 0xf2,
    0x8, 0x70, 0x4, 0x26, 0x1c, 0x1, 0xf9, 0x81,
    0x44, 0x0, 0xc0, 0x28, 0x1, 0xfa, 0x80, 0xc,
    0x0, 0xa0, 0x60, 0xf, 0xe2, 0x40, 0xa0,

    /* U+00C1 "Á" */
    0x0, 0xfc, 0xbf, 0xe4, 0x0, 0xff, 0xe1, 0x48,
    0x3a, 0x0, 0x7f, 0xf0, 0x50, 0xd2, 0x0, 0x3f,
    0xf8, 0x4f, 0x54, 0x0, 0xff, 0xe1, 0xd5, 0x38,
    0xc0, 0x3f, 0xf8, 0x4c, 0x0, 0xa0, 0xf, 0xfe,
    0xa, 0x82, 0x3, 0x0, 0x7f, 0xf0, 0x78, 0x34,
    0xc1, 0x80, 0x3f, 0xe1, 0x40, 0x7b, 0xa, 0x0,
    0xff, 0x98, 0x8, 0x54, 0xc, 0x80, 0x3f, 0xd4,
    0x14, 0x4, 0x40, 0xa0, 0xf, 0xe3, 0x20, 0x50,
    0x5, 0x3, 0x0, 0x7f, 0x58, 0x19, 0x0, 0x18,
    0x5, 0x40, 0x3f, 0x30, 0x58, 0x4, 0x26, 0x1c,
    0x1, 0xf2, 0x8, 0x30, 0x6, 0xa0, 0x41, 0x0,
    0xf7, 0x0, 0x3b, 0xff, 0x48, 0x2, 0x40, 0x3c,
    0xa0, 0x23, 0xf0, 0x1, 0x80, 0x39, 0x80, 0x1f,
    0xdd, 0xeb, 0x1, 0x40, 0xd, 0x40, 0xa2, 0x1,
    0xe4, 0x10, 0xe0, 0x8, 0x4c, 0x38, 0x3, 0xf3,
    0x2, 0x88, 0x1, 0x80, 0x50, 0x3, 0xf5, 0x0,
    0x18, 0x1, 0x40, 0xc0, 0x1f, 0xc4, 0x81, 0x40,

    /* U+00C2 "Â" */
    0x0, 0xfb, 0x3f, 0xc6, 0x1, 0xff, 0xc1, 0x83,
    0x20, 0xd1, 0x0, 0xff, 0x8d, 0xc3, 0xd8, 0x68,
    0x3, 0xfe, 0x57, 0xb2, 0x98, 0x32, 0x0, 0xff,
    0x34, 0x6f, 0xf9, 0x20, 0x80, 0x3f, 0xf8, 0xc,
    0x0, 0xa0, 0xf, 0xfe, 0xa, 0x82, 0x3, 0x0,
    0x7f, 0xf0, 0x78, 0x34, 0xc1, 0x80, 0x3f, 0xe1,
    0x40, 0x7b, 0xa, 0x0, 0xff, 0x98, 0x8, 0x54,
    0xc, 0x80, 0x3f, 0xd4, 0x14, 0x4, 0x40, 0xa0,
    0xf, 0xe3, 0x20, 0x50, 0x5, 0x3, 0x0, 0x7f,
    0x58, 0x19, 0x0, 0x18, 0x5, 0x40, 0x3f, 0x30,
    0x58, 0x4, 0x26, 0x1c, 0x1, 0xf2, 0x8, 0x30,
    0x6, 0xa0, 0x41, 0x0, 0xf7, 0x0, 0x3b, 0xff,
    0x48, 0x2, 0x40, 0x3c, 0xa0, 0x23, 0xf0, 0x1,
    0x80, 0x39, 0x80, 0x1f, 0xdd, 0xeb, 0x1, 0x40,
    0xd, 0x40, 0xa2, 0x1, 0xe4, 0x10, 0xe0, 0x8,
    0x4c, 0x38, 0x3, 0xf3, 0x2, 0x88, 0x1, 0x80,
    0x50, 0x3, 0xf5, 0x0, 0x18, 0x1, 0x40, 0xc0,
    0x1f, 0xc4, 0x81, 0x40,

    /* U+00C3 "Ã" */
    0x0, 0xf2, 0x41, 0x80, 0x1a, 0x0, 0x3f, 0xc9,
    0x6f, 0x90, 0x36, 0x80, 0x1f, 0xef, 0x2e, 0x77,
    0x71, 0x50, 0x7, 0xf8, 0xa8, 0x62, 0xd6, 0x58,
    0x3, 0xfd, 0x2f, 0x3f, 0x72, 0xc0, 0x1f, 0xfc,
    0x16, 0x0, 0x50, 0x7, 0xff, 0x5, 0x41, 0x1,
    0x80, 0x3f, 0xf8, 0x3c, 0x1a, 0x60, 0xc0, 0x1f,
    0xf0, 0xa0, 0x3d, 0x85, 0x0, 0x7f, 0xcc, 0x4,
    0x2a, 0x6, 0x40, 0x1f, 0xea, 0xa, 0x2, 0x20,
    0x50, 0x7, 0xf1, 0x90, 0x28, 0x2, 0x81, 0x80,
    0x3f, 0xac, 0xc, 0x80, 0xc, 0x2, 0xa0, 0x1f,
    0x98, 0x2c, 0x2, 0x13, 0xe, 0x0, 0xf9, 0x4,
    0x18, 0x3, 0x50, 0x20, 0x80, 0x7b, 0x80, 0x1d,
    0xff, 0xa4, 0x1, 0x20, 0x1e, 0x50, 0x11, 0xf8,
    0x0, 0xc0, 0x1c, 0xc0, 0xf, 0xee, 0xf5, 0x80,
    0xa0, 0x6, 0xa0, 0x51, 0x0, 0xf2, 0x8, 0x70,
    0x4, 0x26, 0x1c, 0x1, 0xf9, 0x81, 0x44, 0x0,
    0xc0, 0x28, 0x1, 0xfa, 0x80, 0xc, 0x0, 0xa0,
    0x60, 0xf, 0xe2, 0x40, 0xa0,

    /* U+00C8 "È" */
    0x0, 0xc3, 0xdf, 0x20, 0x1f, 0xe1, 0xa0, 0x61,
    0x0, 0xff, 0x24, 0x84, 0x80, 0x7f, 0xcd, 0x5a,
    0x1, 0xc3, 0xff, 0xea, 0xa7, 0xfe, 0x50, 0xf,
    0xfe, 0x2e, 0x77, 0x7f, 0x28, 0x4, 0x23, 0xfe,
    0x0, 0xff, 0xf1, 0x8, 0x7, 0xff, 0x7, 0x3f,
    0xff, 0x50, 0x7, 0xff, 0x1b, 0x7f, 0xff, 0x50,
    0x7, 0xff, 0xc0, 0x47, 0xfc, 0x1, 0xb3, 0xbb,
    0xfa, 0xc0, 0x3f, 0xf8, 0x40,

    /* U+00C9 "É" */
    0x0, 0xf0, 0xff, 0xa0, 0x3, 0xfd, 0x20, 0x90,
    0x1, 0xfc, 0x2e, 0x34, 0x1, 0xff, 0x56, 0x8,
    0x7, 0xf, 0xfe, 0xea, 0xdf, 0xfe, 0x50, 0xf,
    0xfe, 0x2e, 0x77, 0x7f, 0x28, 0x4, 0x23, 0xfe,
    0x0, 0xff, 0xf1, 0x8, 0x7, 0xff, 0x7, 0x3f,
    0xff, 0x50, 0x7, 0xff, 0x1b, 0x7f, 0xff, 0x50,
    0x7, 0xff, 0xc0, 0x47, 0xfc, 0x1, 0xb3, 0xbb,
    0xfa, 0xc0, 0x3f, 0xf8, 0x40,

    /* U+00CA "Ê" */
    0x0, 0xe4, 0xff, 0x58, 0x7, 0xf0, 0xd0, 0x12,
    0x38, 0x7, 0xea, 0x16, 0xc0, 0x83, 0x0, 0xf1,
    0x1c, 0x40, 0x6d, 0xd4, 0x2, 0x1f, 0xf6, 0xbc,
    0x77, 0xdb, 0xcf, 0xf9, 0x40, 0x3f, 0xf8, 0xb9,
    0xdd, 0xfc, 0xa0, 0x10, 0x8f, 0xf8, 0x3, 0xff,
    0xc4, 0x20, 0x1f, 0xfc, 0x1c, 0xff, 0xfd, 0x40,
    0x1f, 0xfc, 0x6d, 0xff, 0xfd, 0x40, 0x1f, 0xff,
    0x1, 0x1f, 0xf0, 0x6, 0xce, 0xef, 0xeb, 0x0,
    0xff, 0xe1, 0x0,

    /* U+00CC "Ì" */
    0x1e, 0xfb, 0x0, 0xe, 0x82, 0x10, 0x0, 0xe8,
    0x20, 0x2, 0x5b, 0xf0, 0xb, 0x2f, 0x40, 0x3f,
    0xff, 0xe0, 0x1f, 0xfd, 0x0,

    /* U+00CD "Í" */
    0x1, 0xff, 0x48, 0x30, 0x1c, 0x84, 0x8f, 0x0,
    0xde, 0x90, 0xc, 0xe4, 0x0, 0x7f, 0xff, 0xc0,
    0x3f, 0xe0,

    /* U+00D2 "Ò" */
    0x0, 0xe3, 0x55, 0x8, 0x7, 0xff, 0x4, 0xae,
    0xa4, 0x3, 0xff, 0x82, 0x3a, 0xe, 0x20, 0x1f,
    0xfc, 0x13, 0xa0, 0x60, 0xf, 0xfe, 0x12, 0xfb,
    0x80, 0x7f, 0xc3, 0x19, 0xdf, 0xd6, 0xc0, 0x1f,
    0x9f, 0x9c, 0xc4, 0x5, 0x27, 0x8c, 0x3, 0xa2,
    0x0, 0x75, 0xdf, 0xb0, 0x22, 0xc4, 0x0, 0x95,
    0xc2, 0x31, 0x44, 0x9, 0xfc, 0xc2, 0x84, 0x1,
    0x0, 0xce, 0x1, 0xe1, 0xd1, 0x14, 0x2, 0x10,
    0x40, 0x7, 0xe1, 0x80, 0x60, 0xc0, 0x31, 0x0,
    0xfe, 0x70, 0x2, 0x18, 0x28, 0x7, 0xf8, 0x44,
    0x6, 0xe0, 0x20, 0x1f, 0xf1, 0x7, 0x80, 0x7f,
    0xf1, 0x5, 0xc0, 0x40, 0x3f, 0xe1, 0xe, 0x30,
    0x50, 0xf, 0xf0, 0x90, 0x15, 0x81, 0x88, 0x7,
    0xf3, 0x80, 0x10, 0xc8, 0x2c, 0x3, 0xfa, 0xc1,
    0x44, 0x24, 0x15, 0xc0, 0x3e, 0xb2, 0x8, 0x0,
    0x24, 0x4, 0x5a, 0x8, 0xb, 0x6a, 0x5, 0x10,
    0x4, 0xf4, 0x9, 0x7d, 0xfd, 0x24, 0x36, 0xa0,
    0x1c, 0xbd, 0x6, 0x0, 0x14, 0x9e, 0x40, 0x8,

    /* U+00D3 "Ó" */
    0x0, 0xfc, 0x6a, 0xa0, 0xf, 0xfe, 0x16, 0xd6,
    0x0, 0x7f, 0xf0, 0x54, 0x4e, 0x40, 0x3f, 0xf8,
    0x30, 0x3c, 0x1, 0xff, 0xc2, 0xde, 0x20, 0xf,
    0xf8, 0x63, 0x3b, 0xfa, 0xd8, 0x3, 0xf3, 0xf3,
    0x98, 0x80, 0xa4, 0xf1, 0x80, 0x74, 0x40, 0xe,
    0xbb, 0xf6, 0x4, 0x58, 0x80, 0x12, 0xb8, 0x46,
    0x28, 0x81, 0x3f, 0x98, 0x50, 0x80, 0x20, 0x19,
    0xc0, 0x3c, 0x3a, 0x22, 0x80, 0x42, 0x8, 0x0,
    0xfc, 0x30, 0xc, 0x18, 0x6, 0x20, 0x1f, 0xce,
    0x0, 0x43, 0x5, 0x0, 0xff, 0x8, 0x80, 0xdc,
    0x4, 0x3, 0xfe, 0x20, 0xf0, 0xf, 0xfe, 0x20,
    0xb8, 0x8, 0x7, 0xfc, 0x21, 0xc6, 0xa, 0x1,
    0xfe, 0x12, 0x2, 0xb0, 0x31, 0x0, 0xfe, 0x70,
    0x2, 0x19, 0x5, 0x80, 0x7f, 0x58, 0x28, 0x84,
    0x82, 0xb8, 0x7, 0xd6, 0x41, 0x0, 0x4, 0x80,
    0x8b, 0x41, 0x1, 0x6d, 0x40, 0xa2, 0x0, 0x9e,
    0x81, 0x2f, 0xbf, 0xa4, 0x86, 0xd4, 0x3, 0x97,
    0xa0, 0xc0, 0x2, 0x93, 0xc8, 0x1, 0x0,

    /* U+00D4 "Ô" */
    0x0, 0xf9, 0xe1, 0x0, 0x3f, 0xf8, 0x33, 0xf,
    0x64, 0x1, 0xff, 0x23, 0xc, 0x87, 0x80, 0x7f,
    0x86, 0x82, 0xd9, 0x4a, 0x80, 0x3f, 0x87, 0xbd,
    0x42, 0xbe, 0x80, 0x3f, 0x86, 0x33, 0xbf, 0xad,
    0x80, 0x3f, 0x3f, 0x39, 0x88, 0xa, 0x4f, 0x18,
    0x7, 0x44, 0x0, 0xeb, 0xbf, 0x60, 0x45, 0x88,
    0x1, 0x2b, 0x84, 0x62, 0x88, 0x13, 0xf9, 0x85,
    0x8, 0x2, 0x1, 0x9c, 0x3, 0xc3, 0xa2, 0x28,
    0x4, 0x20, 0x80, 0xf, 0xc3, 0x0, 0xc1, 0x80,
    0x62, 0x1, 0xfc, 0xe0, 0x4, 0x30, 0x50, 0xf,
    0xf0, 0x88, 0xd, 0xc0, 0x40, 0x3f, 0xe2, 0xf,
    0x0, 0xff, 0xe2, 0xb, 0x80, 0x80, 0x7f, 0xc2,
    0x1c, 0x60, 0xa0, 0x1f, 0xe1, 0x20, 0x2b, 0x3,
    0x10, 0xf, 0xe7, 0x0, 0x21, 0x90, 0x58, 0x7,
    0xf5, 0x82, 0x88, 0x48, 0x2b, 0x80, 0x7d, 0x64,
    0x10, 0x0, 0x48, 0x8, 0xb4, 0x10, 0x16, 0xd4,
    0xa, 0x20, 0x9, 0xe8, 0x12, 0xfb, 0xfa, 0x48,
    0x6d, 0x40, 0x39, 0x7a, 0xc, 0x0, 0x29, 0x3c,
    0x80, 0x10,

    /* U+00D5 "Õ" */
    0x0, 0xe2, 0x87, 0x20, 0x29, 0x20, 0xf, 0xc5,
    0xaf, 0x1b, 0x98, 0x63, 0x0, 0xfc, 0xa1, 0x7a,
    0xc4, 0x12, 0x20, 0x1f, 0x9f, 0xd0, 0xa7, 0xb8,
    0xc0, 0x1f, 0xc3, 0x19, 0xdf, 0xd6, 0xc0, 0x1f,
    0x9f, 0x9c, 0xc4, 0x5, 0x27, 0x8c, 0x3, 0xa2,
    0x0, 0x75, 0xdf, 0xb0, 0x22, 0xc4, 0x0, 0x95,
    0xc2, 0x31, 0x44, 0x9, 0xfc, 0xc2, 0x84, 0x1,
    0x0, 0xce, 0x1, 0xe1, 0xd1, 0x14, 0x2, 0x10,
    0x40, 0x7, 0xe1, 0x80, 0x60, 0xc0, 0x31, 0x0,
    0xfe, 0x70, 0x2, 0x18, 0x28, 0x7, 0xf8, 0x44,
    0x6, 0xe0, 0x20, 0x1f, 0xf1, 0x7, 0x80, 0x7f,
    0xf1, 0x5, 0xc0, 0x40, 0x3f, 0xe1, 0xe, 0x30,
    0x50, 0xf, 0xf0, 0x90, 0x15, 0x81, 0x88, 0x7,
    0xf3, 0x80, 0x10, 0xc8, 0x2c, 0x3, 0xfa, 0xc1,
    0x44, 0x24, 0x15, 0xc0, 0x3e, 0xb2, 0x8, 0x0,
    0x24, 0x4, 0x5a, 0x8, 0xb, 0x6a, 0x5, 0x10,
    0x4, 0xf4, 0x9, 0x7d, 0xfd, 0x24, 0x36, 0xa0,
    0x1c, 0xbd, 0x6, 0x0, 0x14, 0x9e, 0x40, 0x8,

    /* U+00D9 "Ù" */
    0x0, 0xc2, 0xaa, 0x20, 0xf, 0xf8, 0x7a, 0xbc,
    0x3, 0xff, 0x81, 0x64, 0x44, 0x0, 0xff, 0xe0,
    0x78, 0x40, 0x7, 0xff, 0x0, 0xbf, 0x0, 0x3c,
    0x3f, 0xe2, 0x0, 0xfd, 0xde, 0xc0, 0x1f, 0xff,
    0xf0, 0xf, 0xff, 0xf8, 0x4, 0x20, 0x1f, 0xe3,
    0x10, 0x3, 0x80, 0x7e, 0x10, 0x10, 0x30, 0xc0,
    0xf, 0x90, 0x0, 0xa1, 0x60, 0xe4, 0x1, 0xe8,
    0x3, 0x10, 0x71, 0xd, 0x73, 0x12, 0x5c, 0x30,
    0xf0, 0xb, 0x44, 0x23, 0x3b, 0x68, 0xc2, 0x8c,
    0x2, 0x3f, 0x93, 0x10, 0x13, 0x7e, 0x50, 0x0,

    /* U+00DA "Ú" */
    0x0, 0xf8, 0x55, 0x44, 0x1, 0xff, 0x5d, 0x41,
    0x0, 0x7f, 0x85, 0x43, 0xc0, 0x3f, 0xe8, 0xa,
    0x20, 0xf, 0xfa, 0x7d, 0x40, 0x3c, 0x3f, 0xe2,
    0x0, 0xfd, 0xde, 0xc0, 0x1f, 0xff, 0xf0, 0xf,
    0xff, 0xf8, 0x4, 0x20, 0x1f, 0xe3, 0x10, 0x3,
    0x80, 0x7e, 0x10, 0x10, 0x30, 0xc0, 0xf, 0x90,
    0x0, 0xa1, 0x60, 0xe4, 0x1, 0xe8, 0x3, 0x10,
    0x71, 0xd, 0x73, 0x12, 0x5c, 0x30, 0xf0, 0xb,
    0x44, 0x23, 0x3b, 0x68, 0xc2, 0x8c, 0x2, 0x3f,
    0x93, 0x10, 0x13, 0x7e, 0x50, 0x0,

    /* U+00DD "Ý" */
    0x0, 0xf8, 0xbf, 0xce, 0x1, 0xff, 0xc0, 0x80,
    0x57, 0x0, 0xff, 0x85, 0x4a, 0x80, 0x3f, 0xf8,
    0x7, 0x5e, 0x1, 0xf4, 0xff, 0x88, 0x0, 0x4a,
    0x40, 0x11, 0x7f, 0x9e, 0x4, 0x38, 0x3, 0xf7,
    0x1, 0x38, 0xd8, 0x1b, 0x0, 0x79, 0x8c, 0x38,
    0x0, 0xa8, 0x10, 0x20, 0x18, 0x60, 0x1c, 0xc0,
    0x2a, 0x1, 0xb0, 0xd, 0x62, 0x50, 0x1, 0x86,
    0x41, 0x50, 0x0, 0x8a, 0x1c, 0x1, 0xe6, 0x30,
    0x90, 0x4, 0x83, 0x98, 0x7, 0xdc, 0x4, 0xce,
    0x44, 0x80, 0xf, 0xc4, 0xe1, 0x10, 0xe, 0x0,
    0xff, 0x41, 0x8, 0x39, 0x80, 0x7f, 0xd0, 0x0,
    0x80, 0xf, 0xff, 0xf8, 0x7, 0xff, 0x7c,

    /* U+00E0 "à" */
    0x0, 0xd5, 0xfe, 0x10, 0xf, 0xea, 0x30, 0x90,
    0xf, 0xf6, 0x8b, 0x0, 0x7f, 0x87, 0x2c, 0x40,
    0x3f, 0xc4, 0xa2, 0x1, 0xf2, 0x57, 0x7f, 0xb6,
    0x4, 0x3, 0x4d, 0xa8, 0x18, 0x93, 0xf8, 0x80,
    0x11, 0x82, 0xfb, 0x3a, 0xc0, 0x58, 0x1, 0xa0,
    0xe8, 0x1, 0x23, 0x7, 0x0, 0x27, 0xe0, 0x3,
    0x84, 0xc, 0x3, 0x8d, 0xa2, 0xb9, 0xc0, 0x39,
    0xfb, 0x25, 0xd4, 0x8c, 0x3, 0x44, 0x5, 0xa7,
    0x3f, 0x2c, 0x3, 0x38, 0x4c, 0x98, 0xc0, 0x1c,
    0x1, 0x8, 0x1, 0x0, 0x39, 0xc0, 0x21, 0x0,
    0x58, 0x4, 0x36, 0x20, 0x20, 0x8, 0x6, 0xeb,
    0xce, 0x44, 0x3, 0x0, 0x1e, 0xcc, 0x10, 0x96,
    0xec, 0x4, 0x40,

    /* U+00E1 "á" */
    0x0, 0xf2, 0x7f, 0x94, 0x3, 0xfb, 0xc1, 0x94,
    0x3, 0xf1, 0x21, 0xc8, 0x7, 0xfa, 0xb4, 0x3,
    0xfc, 0x4a, 0x20, 0x1f, 0x92, 0xbb, 0xfd, 0xb0,
    0x20, 0x1a, 0x6d, 0x40, 0xc4, 0x9f, 0xc4, 0x0,
    0x8c, 0x17, 0xd9, 0xd6, 0x2, 0xc0, 0xd, 0x7,
    0x40, 0x9, 0x18, 0x38, 0x1, 0x3f, 0x0, 0x1c,
    0x20, 0x60, 0x1c, 0x6d, 0x15, 0xce, 0x1, 0xcf,
    0xd9, 0x2e, 0xa4, 0x60, 0x1a, 0x20, 0x2d, 0x39,
    0xf9, 0x60, 0x19, 0xc2, 0x64, 0xc6, 0x0, 0xe0,
    0x8, 0x40, 0x8, 0x1, 0xce, 0x1, 0x8, 0x2,
    0xc0, 0x21, 0xb1, 0x1, 0x0, 0x40, 0x37, 0x5e,
    0x72, 0x20, 0x18, 0x0, 0xf6, 0x60, 0x84, 0xb7,
    0x60, 0x22, 0x0,

    /* U+00E2 "â" */
    0x0, 0xed, 0xfe, 0x10, 0xf, 0xd4, 0x42, 0x2d,
    0x0, 0xf9, 0x54, 0x3e, 0x66, 0x70, 0xf, 0x6b,
    0x50, 0xf3, 0x70, 0x80, 0x74, 0x4a, 0x1, 0x4c,
    0x84, 0x3, 0x92, 0xbb, 0xfd, 0xb0, 0x20, 0x1a,
    0x6d, 0x40, 0xc4, 0x9f, 0xc4, 0x0, 0x8c, 0x17,
    0xd9, 0xd6, 0x2, 0xc0, 0xd, 0x7, 0x40, 0x9,
    0x18, 0x38, 0x1, 0x3f, 0x0, 0x1c, 0x20, 0x60,
    0x1c, 0x6d, 0x15, 0xce, 0x1, 0xcf, 0xd9, 0x2e,
    0xa4, 0x60, 0x1a, 0x20, 0x2d, 0x39, 0xf9, 0x60,
    0x19, 0xc2, 0x64, 0xc6, 0x0, 0xe0, 0x8, 0x40,
    0x8, 0x1, 0xce, 0x1, 0x8, 0x2, 0xc0, 0x21,
    0xb1, 0x1, 0x0, 0x40, 0x37, 0x5e, 0x72, 0x20,
    0x18, 0x0, 0xf6, 0x60, 0x84, 0xb7, 0x60, 0x22,
    0x0,

    /* U+00E3 "ã" */
    0x0, 0x93, 0x79, 0xc0, 0x7d, 0xc0, 0x3a, 0x81,
    0x63, 0xb0, 0x10, 0x3, 0x18, 0xc5, 0xd8, 0x8d,
    0xcc, 0x3, 0x1f, 0xa8, 0x26, 0x74, 0x0, 0x7f,
    0xf1, 0xd2, 0xbb, 0xfd, 0xb0, 0x20, 0x1a, 0x6d,
    0x40, 0xc4, 0x9f, 0xc4, 0x0, 0x8c, 0x17, 0xd9,
    0xd6, 0x2, 0xc0, 0xd, 0x7, 0x40, 0x9, 0x18,
    0x38, 0x1, 0x3f, 0x0, 0x1c, 0x20, 0x60, 0x1c,
    0x6d, 0x15, 0xce, 0x1, 0xcf, 0xd9, 0x2e, 0xa4,
    0x60, 0x1a, 0x20, 0x2d, 0x39, 0xf9, 0x60, 0x19,
    0xc2, 0x64, 0xc6, 0x0, 0xe0, 0x8, 0x40, 0x8,
    0x1, 0xce, 0x1, 0x8, 0x2, 0xc0, 0x21, 0xb1,
    0x1, 0x0, 0x40, 0x37, 0x5e, 0x72, 0x20, 0x18,
    0x0, 0xf6, 0x60, 0x84, 0xb7, 0x60, 0x22, 0x0,

    /* U+00E8 "è" */
    0x0, 0x87, 0xbe, 0xc0, 0x3f, 0x87, 0x41, 0x8,
    0x3, 0xf8, 0xe8, 0x20, 0x3, 0xfc, 0xb7, 0xe0,
    0x1f, 0xf2, 0x28, 0x7, 0xe2, 0x9d, 0xfe, 0xb4,
    0x0, 0xe4, 0xd6, 0x22, 0x1a, 0x5c, 0x0, 0x45,
    0x60, 0xdf, 0xba, 0xb1, 0x75, 0x0, 0x58, 0x24,
    0x80, 0x49, 0x61, 0x0, 0x7, 0xe, 0x0, 0xe5,
    0x2, 0x20, 0x8, 0x46, 0x67, 0x80, 0xc, 0x20,
    0x2, 0x33, 0xf0, 0x0, 0x40, 0x2d, 0xff, 0xfc,
    0xa2, 0x20, 0x70, 0xf, 0x21, 0x0, 0x10, 0x24,
    0x3, 0x92, 0xf4, 0x42, 0x0, 0xe4, 0x2, 0x3a,
    0x6, 0x10, 0x2a, 0x6, 0xfc, 0xdc, 0x13, 0x90,
    0x9, 0x75, 0x88, 0xc8, 0xe3, 0x0, 0x0,

    /* U+00E9 "é" */
    0x0, 0xf1, 0xff, 0x98, 0x3, 0xfa, 0x41, 0x58,
    0x3, 0xf1, 0x29, 0x50, 0x7, 0xfa, 0xb0, 0x3,
    0xfc, 0x4a, 0x20, 0x1f, 0x8a, 0x77, 0xfa, 0xd0,
    0x3, 0x93, 0x58, 0x88, 0x69, 0x70, 0x1, 0x15,
    0x83, 0x7e, 0xea, 0xc5, 0xd4, 0x1, 0x60, 0x92,
    0x1, 0x25, 0x84, 0x0, 0x1c, 0x38, 0x3, 0x94,
    0x8, 0x80, 0x21, 0x19, 0x9e, 0x0, 0x30, 0x80,
    0x8, 0xcf, 0xc0, 0x1, 0x0, 0xb7, 0xff, 0xf2,
    0x88, 0x81, 0xc0, 0x3c, 0x84, 0x0, 0x40, 0x90,
    0xe, 0x4b, 0xd1, 0x8, 0x3, 0x90, 0x8, 0xe8,
    0x18, 0x40, 0xa8, 0x1b, 0xf3, 0x70, 0x4e, 0x40,
    0x25, 0xd6, 0x23, 0x23, 0x8c, 0x0, 0x0,

    /* U+00EA "ê" */
    0x0, 0xed, 0xfe, 0x10, 0xf, 0xd2, 0x42, 0x2d,
    0x0, 0xf9, 0x58, 0x3c, 0xcd, 0x0, 0x1e, 0xd6,
    0xa1, 0xe6, 0x11, 0x0, 0x74, 0x4a, 0x81, 0x4c,
    0x84, 0x3, 0x8a, 0x77, 0xfa, 0xd0, 0x3, 0x93,
    0x58, 0x88, 0x69, 0x70, 0x1, 0x15, 0x83, 0x7e,
    0xea, 0xc5, 0xd4, 0x1, 0x60, 0x92, 0x1, 0x25,
    0x84, 0x0, 0x1c, 0x38, 0x3, 0x94, 0x8, 0x80,
    0x21, 0x19, 0x9e, 0x0, 0x30, 0x80, 0x8, 0xcf,
    0xc0, 0x1, 0x0, 0xb7, 0xff, 0xf2, 0x88, 0x81,
    0xc0, 0x3c, 0x84, 0x0, 0x40, 0x90, 0xe, 0x4b,
    0xd1, 0x8, 0x3, 0x90, 0x8, 0xe8, 0x18, 0x40,
    0xa8, 0x1b, 0xf3, 0x70, 0x4e, 0x40, 0x25, 0xd6,
    0x23, 0x23, 0x8c, 0x0, 0x0,

    /* U+00EC "ì" */
    0x3f, 0xf3, 0x81, 0xc8, 0x48, 0x1, 0x98, 0x2c,
    0x0, 0x9a, 0x20, 0x9, 0x50, 0x1, 0x5e, 0xe0,
    0x1f, 0xff, 0x0,

    /* U+00ED "í" */
    0x7, 0xff, 0x18, 0x48, 0x49, 0xb0, 0xab, 0x1,
    0x55, 0x0, 0x8, 0xa0, 0x15, 0x7b, 0x80, 0x7f,
    0xfc, 0x80,

    /* U+00F2 "ò" */
    0x0, 0x87, 0xbe, 0xc0, 0x3f, 0x87, 0x41, 0x8,
    0x3, 0xf8, 0xe8, 0x20, 0x3, 0xfc, 0xb7, 0xe0,
    0x1f, 0xf2, 0x28, 0x7, 0xe2, 0xae, 0xfe, 0xb4,
    0x0, 0xe6, 0xd5, 0x13, 0x4, 0xb9, 0x0, 0x8e,
    0x41, 0xff, 0x3a, 0x81, 0x98, 0x0, 0x80, 0x58,
    0x0, 0x96, 0x42, 0x0, 0x8, 0x12, 0x1, 0xcc,
    0x2, 0x64, 0x0, 0x30, 0xf, 0x18, 0x28, 0x7,
    0xf9, 0xc0, 0x40, 0x3f, 0xce, 0x2, 0x40, 0x3,
    0x0, 0xf1, 0x81, 0x2, 0x4, 0x80, 0x73, 0x0,
    0x10, 0x20, 0x16, 0x0, 0x25, 0x90, 0x80, 0x1,
    0xc8, 0x3f, 0x67, 0x50, 0x33, 0x80, 0x4d, 0xaa,
    0x6, 0x9, 0x72, 0x0,

    /* U+00F3 "ó" */
    0x0, 0xf1, 0xff, 0x98, 0x3, 0xfa, 0x41, 0x58,
    0x3, 0xf1, 0x29, 0x50, 0x7, 0xfa, 0xb0, 0x3,
    0xfc, 0x4a, 0x20, 0x1f, 0x8a, 0xbb, 0xfa, 0xd0,
    0x3, 0x9b, 0x54, 0x4c, 0x12, 0xe4, 0x2, 0x39,
    0x7, 0xfc, 0xea, 0x6, 0x60, 0x2, 0x1, 0x60,
    0x2, 0x59, 0x8, 0x0, 0x20, 0x48, 0x7, 0x30,
    0x9, 0x90, 0x0, 0xc0, 0x3c, 0x60, 0xa0, 0x1f,
    0xe7, 0x1, 0x0, 0xff, 0x38, 0x9, 0x0, 0xc,
    0x3, 0xc6, 0x4, 0x8, 0x12, 0x1, 0xcc, 0x0,
    0x40, 0x80, 0x58, 0x0, 0x96, 0x42, 0x0, 0x7,
    0x20, 0xfd, 0x9d, 0x40, 0xce, 0x1, 0x36, 0xa8,
    0x18, 0x25, 0xc8, 0x0,

    /* U+00F4 "ô" */
    0x0, 0xed, 0xff, 0x10, 0x7, 0xe9, 0x21, 0xe,
    0x0, 0xf9, 0x18, 0x3c, 0xcd, 0x0, 0x1e, 0xc6,
    0xa1, 0xe6, 0x11, 0x0, 0x74, 0x4a, 0x81, 0x4c,
    0x84, 0x3, 0x8a, 0xbb, 0xfa, 0xd0, 0x3, 0x9b,
    0x54, 0x4c, 0x12, 0xe4, 0x2, 0x39, 0x7, 0xfc,
    0xea, 0x6, 0x60, 0x2, 0x1, 0x60, 0x2, 0x59,
    0x8, 0x0, 0x20, 0x48, 0x7, 0x30, 0x9, 0x90,
    0x0, 0xc0, 0x3c, 0x60, 0xa0, 0x1f, 0xe7, 0x1,
    0x0, 0xff, 0x38, 0x9, 0x0, 0xc, 0x3, 0xc6,
    0x4, 0x8, 0x12, 0x1, 0xcc, 0x0, 0x40, 0x80,
    0x58, 0x0, 0x96, 0x42, 0x0, 0x7, 0x20, 0xfd,
    0x9d, 0x40, 0xce, 0x1, 0x36, 0xa8, 0x18, 0x25,
    0xc8, 0x0,

    /* U+00F5 "õ" */
    0x0, 0x93, 0x79, 0xc0, 0x7d, 0xc0, 0x3a, 0x8d,
    0x63, 0xb0, 0x10, 0x3, 0x18, 0xdd, 0xc4, 0x6e,
    0x60, 0x18, 0xfd, 0x41, 0x33, 0xa0, 0x3, 0xff,
    0x8e, 0x55, 0xdf, 0xd6, 0x80, 0x1c, 0xda, 0xa2,
    0x60, 0x97, 0x20, 0x11, 0xc8, 0x3f, 0xe7, 0x50,
    0x33, 0x0, 0x10, 0xb, 0x0, 0x12, 0xc8, 0x40,
    0x1, 0x2, 0x40, 0x39, 0x80, 0x4c, 0x80, 0x6,
    0x1, 0xe3, 0x5, 0x0, 0xff, 0x38, 0x8, 0x7,
    0xf9, 0xc0, 0x48, 0x0, 0x60, 0x1e, 0x30, 0x20,
    0x40, 0x90, 0xe, 0x60, 0x2, 0x4, 0x2, 0xc0,
    0x4, 0xb2, 0x10, 0x0, 0x39, 0x7, 0xec, 0xea,
    0x6, 0x70, 0x9, 0xb5, 0x40, 0xc1, 0x2e, 0x40,
    0x0,

    /* U+00F9 "ù" */
    0x0, 0x9f, 0xfc, 0x60, 0x1f, 0x3a, 0x84, 0x80,
    0x7e, 0xa2, 0x52, 0x0, 0xfd, 0x94, 0x1, 0xfc,
    0x2a, 0x40, 0x13, 0xfd, 0x0, 0x73, 0xfd, 0x0,
    0x7f, 0xff, 0xbc, 0x3, 0xfc, 0x40, 0x1, 0x7,
    0x0, 0xe4, 0x0, 0x20, 0x13, 0x80, 0xa, 0xc4,
    0x0, 0x4a, 0x11, 0xfd, 0xa9, 0x0, 0x15, 0x49,
    0x0, 0x17, 0x4c, 0x0,

    /* U+00FA "ú" */
    0x0, 0xe5, 0xff, 0x20, 0x7, 0xd0, 0x10, 0x80,
    0x1e, 0x42, 0x47, 0x0, 0xf9, 0xea, 0x80, 0x1f,
    0x8d, 0x44, 0x3, 0x3f, 0xd0, 0x7, 0x3f, 0xd0,
    0x7, 0xff, 0xfb, 0xc0, 0x3f, 0xc4, 0x0, 0x10,
    0x70, 0xe, 0x40, 0x2, 0x1, 0x38, 0x0, 0xac,
    0x40, 0x4, 0xa1, 0x1f, 0xda, 0x90, 0x1, 0x54,
    0x90, 0x1, 0x74, 0xc0, 0x0,

    /* U+00FD "ý" */
    0x0, 0xf6, 0x7e, 0x80, 0x7e, 0x33, 0x7, 0x80,
    0x7e, 0x90, 0xa2, 0x0, 0xfd, 0xf6, 0xa0, 0x1f,
    0xca, 0x80, 0x1c, 0xdf, 0xa0, 0x1e, 0x7f, 0x97,
    0x2, 0x20, 0x7, 0x50, 0x50, 0xa0, 0x50, 0x6,
    0x32, 0x13, 0xe, 0x5, 0x0, 0xd4, 0xc, 0x0,
    0x51, 0x23, 0x0, 0x9c, 0x28, 0x2, 0x70, 0xa0,
    0x2, 0x9, 0x90, 0x5, 0x40, 0xe0, 0xe, 0xa,
    0x0, 0xc6, 0x42, 0x80, 0xa0, 0xe0, 0x1d, 0x41,
    0xa8, 0x8, 0x20, 0x1c, 0xa0, 0xfa, 0x1c, 0x1,
    0xe2, 0x31, 0x60, 0x50, 0xf, 0xa8, 0x0, 0xc0,
    0x1f, 0x98, 0x1, 0xa0, 0x1f, 0x88, 0x5, 0x0,
    0x3f, 0x50, 0x30, 0x7, 0x88, 0x55, 0xc2, 0x40,
    0x3d, 0x1d, 0x41, 0x2, 0x1, 0xed, 0x1, 0x87,
    0x0, 0xf0,

    /* U+0102 "Ă" */
    0x0, 0xe3, 0x70, 0xd, 0x4, 0x1, 0xff, 0x44,
    0x99, 0xa9, 0xcc, 0x3, 0xfc, 0x70, 0xd9, 0x85,
    0x91, 0x0, 0xff, 0x9f, 0xae, 0xdc, 0xc0, 0x1f,
    0xfc, 0x18, 0xbb, 0x10, 0x7, 0xff, 0x9, 0x80,
    0x14, 0x1, 0xff, 0xc1, 0x50, 0x40, 0x60, 0xf,
    0xfe, 0xf, 0x6, 0x98, 0x30, 0x7, 0xfc, 0x28,
    0xf, 0x61, 0x40, 0x1f, 0xf3, 0x1, 0xa, 0x81,
    0x90, 0x7, 0xfa, 0x82, 0x80, 0x88, 0x14, 0x1,
    0xfc, 0x64, 0xa, 0x0, 0xa0, 0x60, 0xf, 0xeb,
    0x3, 0x20, 0x3, 0x0, 0xa8, 0x7, 0xe6, 0xb,
    0x0, 0x84, 0xc3, 0x80, 0x3e, 0x41, 0x6, 0x0,
    0xd4, 0x8, 0x20, 0x1e, 0xe0, 0x7, 0x7f, 0xe9,
    0x0, 0x48, 0x7, 0x94, 0x4, 0x7e, 0x0, 0x30,
    0x7, 0x30, 0x3, 0xfb, 0xbd, 0x60, 0x28, 0x1,
    0xa8, 0x14, 0x40, 0x3c, 0x82, 0x1c, 0x1, 0x9,
    0x87, 0x0, 0x7e, 0x60, 0x51, 0x0, 0x30, 0xa,
    0x0, 0x7e, 0xa0, 0x3, 0x0, 0x28, 0x18, 0x3,
    0xf8, 0x90, 0x28, 0x0,

    /* U+0103 "ă" */
    0x0, 0x9f, 0xc0, 0x24, 0xf3, 0x0, 0xe5, 0xa,
    0x34, 0x92, 0x30, 0xe, 0x29, 0x5c, 0xb3, 0xe0,
    0xf, 0x9b, 0xaf, 0x38, 0xc0, 0x3f, 0xa, 0x18,
    0x7, 0xe4, 0xae, 0xff, 0x6c, 0x8, 0x6, 0x9b,
    0x50, 0x31, 0x27, 0xf1, 0x0, 0x23, 0x5, 0xf6,
    0x75, 0x80, 0xb0, 0x3, 0x41, 0xd0, 0x2, 0x46,
    0xe, 0x0, 0x4f, 0xc0, 0x7, 0x8, 0x18, 0x7,
    0x1b, 0x45, 0x73, 0x80, 0x73, 0xf6, 0x4b, 0xa9,
    0x18, 0x6, 0x88, 0xb, 0x4e, 0x7e, 0x58, 0x6,
    0x70, 0x99, 0x31, 0x80, 0x38, 0x2, 0x10, 0x2,
    0x0, 0x73, 0x80, 0x42, 0x0, 0xb0, 0x8, 0x6c,
    0x40, 0x40, 0x10, 0xd, 0xd7, 0x9c, 0x88, 0x6,
    0x0, 0x3d, 0x98, 0x21, 0x2d, 0xd8, 0x8, 0x80,

    /* U+0110 "Đ" */
    0x0, 0x17, 0xff, 0xdd, 0x90, 0x20, 0x1f, 0xfc,
    0x21, 0x37, 0xf4, 0x0, 0xfd, 0xbd, 0xdb, 0x64,
    0x45, 0x66, 0x1, 0xf8, 0x47, 0x13, 0x79, 0x7,
    0x0, 0x7f, 0xf0, 0x87, 0x80, 0x90, 0x3, 0xff,
    0x84, 0x66, 0xd, 0x0, 0xff, 0xe1, 0xd8, 0x20,
    0x7, 0xff, 0xc, 0x80, 0x80, 0x13, 0x0, 0x8,
    0x99, 0x9c, 0x3, 0x8, 0x6, 0x65, 0x0, 0x2b,
    0x35, 0x40, 0x18, 0x40, 0x37, 0xe8, 0x3, 0x7f,
    0xed, 0x0, 0xc6, 0x2, 0x1, 0xff, 0xc3, 0xe0,
    0x30, 0xf, 0xfe, 0x1a, 0x82, 0x80, 0x7f, 0xf0,
    0x8c, 0x82, 0xc0, 0x3f, 0xf8, 0x23, 0xc0, 0x66,
    0x0, 0xf8, 0x47, 0x1b, 0xf9, 0x7, 0x80, 0x7d,
    0xbd, 0xdb, 0x20, 0x45, 0x66, 0x1, 0xff, 0xc1,
    0x38, 0xe4, 0x0, 0x80,

    /* U+0111 "đ" */
    0x0, 0xfe, 0x7f, 0x90, 0xf, 0x92, 0x66, 0xb0,
    0x49, 0x20, 0xe, 0xc6, 0x68, 0xc0, 0x99, 0xc0,
    0x3a, 0x3f, 0xe8, 0x6, 0xf5, 0x0, 0xff, 0xe2,
    0xa5, 0xf7, 0xd9, 0x80, 0x7c, 0xf6, 0x80, 0x49,
    0x96, 0x1, 0xc7, 0x1, 0x3d, 0xbc, 0x86, 0x1,
    0xd2, 0xc, 0xc0, 0x0, 0xd8, 0x80, 0x72, 0x85,
    0x0, 0x73, 0x80, 0x61, 0x0, 0x18, 0x7, 0x78,
    0x6, 0x30, 0xf, 0xc6, 0x1, 0x8c, 0x3, 0xff,
    0x82, 0x22, 0x3, 0x0, 0xed, 0x0, 0xe7, 0x9,
    0x0, 0xe5, 0x0, 0xeb, 0x5, 0x70, 0xa, 0x88,
    0x3, 0x8a, 0x82, 0x3b, 0x3d, 0x50, 0x3, 0xcb,
    0x8a, 0x6, 0x6b, 0xe0, 0xc,

    /* U+0128 "Ĩ" */
    0x4, 0x86, 0x10, 0x49, 0x4, 0xb7, 0x9e, 0xcb,
    0x70, 0xe1, 0xec, 0x53, 0x2a, 0xa, 0xe1, 0x3a,
    0xfd, 0x40, 0xd, 0x9f, 0x0, 0x1f, 0xff, 0xf0,
    0xf, 0xff, 0xf8, 0x7, 0x80,

    /* U+0129 "ĩ" */
    0x6, 0xec, 0x20, 0x4f, 0x41, 0x93, 0x1c, 0x3c,
    0x5, 0x70, 0xfc, 0x2c, 0x74, 0x13, 0x42, 0x1c,
    0x77, 0x50, 0x2d, 0x80, 0x51, 0x1, 0x0, 0xd5,
    0xee, 0x1, 0xff, 0xff, 0x0, 0xff, 0xec, 0x0,

    /* U+0168 "Ũ" */
    0x0, 0xc5, 0x9f, 0x68, 0x3b, 0x80, 0x1f, 0x49,
    0xaa, 0xaf, 0x8a, 0xc0, 0x3e, 0x19, 0xae, 0x95,
    0x97, 0x0, 0xfa, 0x98, 0x0, 0xd4, 0xc0, 0x18,
    0x7f, 0xc4, 0x1, 0xfb, 0xbd, 0x80, 0x3f, 0xff,
    0xe0, 0x1f, 0xff, 0xf0, 0x8, 0x40, 0x3f, 0xc6,
    0x20, 0x7, 0x0, 0xfc, 0x20, 0x20, 0x61, 0x80,
    0x1f, 0x20, 0x1, 0x42, 0xc1, 0xc8, 0x3, 0xd0,
    0x6, 0x20, 0xe2, 0x1a, 0xe6, 0x24, 0xb8, 0x61,
    0xe0, 0x16, 0x88, 0x46, 0x76, 0xd1, 0x85, 0x18,
    0x4, 0x7f, 0x26, 0x20, 0x26, 0xfc, 0xa0, 0x0,

    /* U+0169 "ũ" */
    0x0, 0x16, 0xf4, 0x8, 0x74, 0x80, 0x5e, 0x6a,
    0xff, 0x83, 0xe0, 0x1, 0x29, 0xbc, 0x53, 0x56,
    0x0, 0xf, 0xb8, 0x1d, 0xfd, 0x0, 0x7f, 0xf0,
    0x5f, 0xe8, 0x3, 0x9f, 0xe8, 0x3, 0xff, 0xfd,
    0xe0, 0x1f, 0xe2, 0x0, 0x8, 0x38, 0x7, 0x20,
    0x1, 0x0, 0x9c, 0x0, 0x56, 0x20, 0x2, 0x50,
    0x8f, 0xed, 0x48, 0x0, 0xaa, 0x48, 0x0, 0xba,
    0x60, 0x0,

    /* U+01A0 "Ơ" */
    0x0, 0xc3, 0x19, 0xdf, 0xd6, 0xc0, 0x19, 0x3f,
    0xc0, 0x19, 0xf9, 0xcc, 0x46, 0x49, 0xd3, 0x0,
    0xfd, 0x10, 0x6, 0xdf, 0xef, 0xa3, 0x2c, 0x40,
    0x66, 0x0, 0x4a, 0xe1, 0x52, 0x40, 0x12, 0xe2,
    0x85, 0x91, 0x34, 0x80, 0x10, 0xc, 0xa0, 0x1f,
    0x51, 0x4, 0xc, 0xd8, 0x21, 0x5, 0x80, 0x7f,
    0x40, 0x2f, 0xdb, 0x6, 0x1, 0x10, 0x3, 0xf9,
    0x0, 0x10, 0xc0, 0x3, 0x4, 0x0, 0xff, 0x8,
    0x80, 0x40, 0x27, 0x1, 0x0, 0xff, 0x88, 0x38,
    0x3, 0xff, 0x96, 0xe0, 0x20, 0x1f, 0xf0, 0x87,
    0x0, 0x46, 0xa, 0x1, 0xfe, 0x12, 0x2, 0x0,
    0xac, 0xc, 0x80, 0x3f, 0x9c, 0x0, 0xa0, 0x11,
    0x90, 0x40, 0x7, 0xf4, 0x2, 0x80, 0x74, 0x82,
    0xc0, 0x7, 0xd6, 0x21, 0x60, 0x1c, 0x8e, 0xf,
    0x68, 0x20, 0x2d, 0xa8, 0x14, 0x20, 0x1e, 0x89,
    0x4, 0xbe, 0xfe, 0x92, 0x1b, 0x50, 0xf, 0xcd,
    0xce, 0x60, 0x1, 0x49, 0xe4, 0x0, 0xf0,

    /* U+01A1 "ơ" */
    0x0, 0x8a, 0xbb, 0xfa, 0xd0, 0x0, 0x9f, 0xe0,
    0x3, 0x6a, 0x89, 0x2, 0x5c, 0x80, 0x71, 0xc8,
    0x3f, 0xef, 0x50, 0x33, 0x60, 0x4, 0x2, 0xc0,
    0x4, 0xb0, 0x10, 0x5a, 0x60, 0x81, 0xc0, 0x1c,
    0xe0, 0x2b, 0x30, 0x40, 0x4, 0x0, 0xf1, 0x85,
    0xca, 0x0, 0x7f, 0x9c, 0x21, 0x0, 0x3f, 0xe7,
    0x3, 0x0, 0x10, 0x0, 0xc0, 0x3c, 0x60, 0xc0,
    0x12, 0x84, 0x80, 0x73, 0x0, 0x98, 0x5, 0x20,
    0xb0, 0x1, 0x2c, 0x84, 0x0, 0x63, 0x90, 0x7e,
    0xce, 0xa0, 0x66, 0x0, 0x73, 0x62, 0x81, 0x82,
    0x5c, 0x80, 0x60,

    /* U+01AF "Ư" */
    0x1f, 0xf1, 0x0, 0x7e, 0xef, 0x60, 0xbf, 0x80,
    0xf, 0xfe, 0xbf, 0x10, 0x7, 0xff, 0x15, 0x5b,
    0x80, 0x3f, 0xf8, 0x82, 0x88, 0x0, 0xff, 0xe1,
    0xa, 0xe4, 0x10, 0x7, 0xff, 0xa, 0xbe, 0x5c,
    0x3, 0xff, 0x87, 0x74, 0x80, 0x1f, 0xff, 0x21,
    0x0, 0xff, 0x18, 0x6, 0x10, 0x3, 0x80, 0x7c,
    0x22, 0x1, 0x0, 0xe3, 0xc, 0x0, 0xf9, 0x40,
    0xa, 0x1, 0xd6, 0xe, 0x40, 0x1e, 0x80, 0x31,
    0x0, 0xe7, 0x10, 0xd7, 0x31, 0x25, 0xc3, 0xf,
    0x0, 0xfb, 0x44, 0x23, 0x3b, 0x68, 0xc2, 0xcc,
    0x3, 0xe3, 0xf9, 0x31, 0x1, 0x37, 0xe4, 0x0,
    0xf0,

    /* U+01B0 "ư" */
    0x7f, 0xa0, 0xe, 0x7f, 0xa0, 0xef, 0x50, 0xf,
    0xfe, 0x7c, 0x88, 0x7, 0xff, 0x5, 0xc1, 0x80,
    0x3f, 0xf8, 0x8, 0x6, 0x1, 0xfe, 0x17, 0xad,
    0x0, 0xff, 0x97, 0xf0, 0xc0, 0x3f, 0xbc, 0x12,
    0x8, 0x3, 0xfc, 0x40, 0x1e, 0x10, 0x70, 0xe,
    0x40, 0xf, 0x20, 0x13, 0x80, 0xa, 0xc4, 0x3,
    0xc4, 0xc1, 0x1d, 0xcd, 0x48, 0x0, 0xfa, 0x64,
    0x62, 0xb, 0xa6, 0x1, 0xe0,

    /* U+1EA0 "Ạ" */
    0x0, 0xfa, 0x7f, 0xc6, 0x1, 0xff, 0xc2, 0x60,
    0x5, 0x0, 0x7f, 0xf0, 0x54, 0x10, 0x18, 0x3,
    0xff, 0x83, 0xc1, 0xa6, 0xc, 0x1, 0xff, 0xa,
    0x3, 0xd8, 0x50, 0x7, 0xfc, 0xc0, 0x42, 0xa0,
    0x64, 0x1, 0xfe, 0xa0, 0xa0, 0x22, 0x5, 0x0,
    0x7f, 0x19, 0x2, 0x80, 0x28, 0x18, 0x3, 0xfa,
    0xc0, 0xc8, 0x0, 0xc0, 0x2a, 0x1, 0xf9, 0x82,
    0xc0, 0x21, 0x30, 0xe0, 0xf, 0x90, 0x41, 0x80,
    0x35, 0x2, 0x8, 0x7, 0xb8, 0x1, 0xdf, 0xfa,
    0x40, 0x12, 0x1, 0xe5, 0x1, 0x1f, 0x80, 0xc,
    0x1, 0xcc, 0x0, 0xfe, 0xef, 0x58, 0xa, 0x0,
    0x6a, 0x5, 0x10, 0xf, 0x20, 0x87, 0x0, 0x42,
    0x61, 0xc0, 0x1f, 0x98, 0x14, 0x40, 0xc, 0x2,
    0x80, 0x1f, 0xa8, 0x0, 0xc0, 0xa, 0x6, 0x0,
    0xfe, 0x24, 0xa, 0x0, 0x6f, 0xc0, 0x7, 0xfa,
    0xff, 0x40, 0x3f, 0x13, 0xb8, 0x3, 0xff, 0x86,
    0xf1, 0x0, 0xf, 0xfe, 0x70,

    /* U+1EA1 "ạ" */
    0x0, 0x92, 0xbb, 0xfd, 0xb0, 0x20, 0x1a, 0x6d,
    0x40, 0xc4, 0x9f, 0xc4, 0x0, 0x8c, 0x17, 0xd9,
    0xd6, 0x2, 0xc0, 0xd, 0x7, 0x40, 0x9, 0x18,
    0x38, 0x1, 0x3f, 0x0, 0x1c, 0x20, 0x60, 0x1c,
    0x6d, 0x15, 0xce, 0x1, 0xcf, 0xd9, 0x2e, 0xa4,
    0x60, 0x1a, 0x20, 0x2d, 0x39, 0xf9, 0x60, 0x19,
    0xc2, 0x64, 0xc6, 0x0, 0xe0, 0x8, 0x40, 0x8,
    0x1, 0xce, 0x1, 0x8, 0x2, 0xc0, 0x21, 0xb1,
    0x1, 0x0, 0x40, 0x37, 0x5e, 0x72, 0x20, 0x18,
    0x0, 0xf6, 0x60, 0x84, 0xb7, 0x60, 0x22, 0x0,
    0x13, 0x3b, 0xfa, 0x90, 0x3f, 0xc4, 0x1, 0xd5,
    0xf8, 0x1, 0xff, 0xcb, 0xe8, 0x90, 0xe,

    /* U+1EA2 "Ả" */
    0x0, 0xf3, 0x7f, 0xb6, 0x0, 0x3f, 0xf8, 0x2f,
    0x96, 0xce, 0xe0, 0xf, 0xfe, 0x0, 0x9e, 0xa9,
    0xa8, 0x7, 0xff, 0xb, 0xb7, 0x8, 0x3, 0xff,
    0x83, 0x31, 0x86, 0x1, 0xff, 0xc2, 0x60, 0x5,
    0x0, 0x7f, 0xf0, 0x54, 0x10, 0x18, 0x3, 0xff,
    0x83, 0xc1, 0xa6, 0xc, 0x1, 0xff, 0xa, 0x3,
    0xd8, 0x50, 0x7, 0xfc, 0xc0, 0x42, 0xa0, 0x64,
    0x1, 0xfe, 0xa0, 0xa0, 0x22, 0x5, 0x0, 0x7f,
    0x19, 0x2, 0x80, 0x28, 0x18, 0x3, 0xfa, 0xc0,
    0xc8, 0x0, 0xc0, 0x2a, 0x1, 0xf9, 0x82, 0xc0,
    0x21, 0x30, 0xe0, 0xf, 0x90, 0x41, 0x80, 0x35,
    0x2, 0x8, 0x7, 0xb8, 0x1, 0xdf, 0xfa, 0x40,
    0x12, 0x1, 0xe5, 0x1, 0x1f, 0x80, 0xc, 0x1,
    0xcc, 0x0, 0xfe, 0xef, 0x58, 0xa, 0x0, 0x6a,
    0x5, 0x10, 0xf, 0x20, 0x87, 0x0, 0x42, 0x61,
    0xc0, 0x1f, 0x98, 0x14, 0x40, 0xc, 0x2, 0x80,
    0x1f, 0xa8, 0x0, 0xc0, 0xa, 0x6, 0x0, 0xfe,
    0x24, 0xa, 0x0,

    /* U+1EA3 "ả" */
    0x0, 0xff, 0xe2, 0xaf, 0xfb, 0xa4, 0x3, 0xf2,
    0x65, 0xab, 0x40, 0x7, 0xc2, 0x6a, 0x40, 0x1f,
    0xf6, 0xbb, 0x48, 0x7, 0xf5, 0x52, 0x44, 0x3,
    0xf9, 0x90, 0x3, 0xf2, 0x57, 0x7f, 0xb6, 0x4,
    0x3, 0x4d, 0xa8, 0x18, 0x93, 0xf8, 0x80, 0x11,
    0x82, 0xfb, 0x3a, 0xc0, 0x58, 0x1, 0xa0, 0xe8,
    0x1, 0x23, 0x7, 0x0, 0x27, 0xe0, 0x3, 0x84,
    0xc, 0x3, 0x8d, 0xa2, 0xb9, 0xc0, 0x39, 0xfb,
    0x25, 0xd4, 0x8c, 0x3, 0x44, 0x5, 0xa7, 0x3f,
    0x2c, 0x3, 0x38, 0x4c, 0x98, 0xc0, 0x1c, 0x1,
    0x8, 0x1, 0x0, 0x39, 0xc0, 0x21, 0x0, 0x58,
    0x4, 0x36, 0x20, 0x20, 0x8, 0x6, 0xeb, 0xce,
    0x44, 0x3, 0x0, 0x1e, 0xcc, 0x10, 0x96, 0xec,
    0x4, 0x40,

    /* U+1EA4 "Ấ" */
    0x0, 0xfc, 0x9f, 0xa6, 0x1, 0xff, 0xc1, 0x19,
    0x6d, 0x30, 0xf, 0xfe, 0x0, 0xc3, 0x9a, 0x0,
    0x7f, 0xf0, 0xe, 0x8e, 0x32, 0x20, 0x1, 0xff,
    0x1d, 0x9e, 0xcf, 0xc0, 0x7, 0xff, 0x5, 0x80,
    0x14, 0x1, 0xff, 0xc1, 0x50, 0x40, 0x60, 0xf,
    0xfe, 0xf, 0x6, 0x98, 0x30, 0x7, 0xfc, 0x28,
    0xf, 0x61, 0x40, 0x1f, 0xf3, 0x1, 0xa, 0x81,
    0x90, 0x7, 0xfa, 0x82, 0x80, 0x88, 0x14, 0x1,
    0xfc, 0x64, 0xa, 0x0, 0xa0, 0x60, 0xf, 0xeb,
    0x3, 0x20, 0x3, 0x0, 0xa8, 0x7, 0xe6, 0xb,
    0x0, 0x84, 0xc3, 0x80, 0x3e, 0x41, 0x6, 0x0,
    0xd4, 0x8, 0x20, 0x1e, 0xe0, 0x7, 0x7f, 0xe9,
    0x0, 0x48, 0x7, 0x94, 0x4, 0x7e, 0x0, 0x30,
    0x7, 0x30, 0x3, 0xfb, 0xbd, 0x60, 0x28, 0x1,
    0xa8, 0x14, 0x40, 0x3c, 0x82, 0x1c, 0x1, 0x9,
    0x87, 0x0, 0x7e, 0x60, 0x51, 0x0, 0x30, 0xa,
    0x0, 0x7e, 0xa0, 0x3, 0x0, 0x28, 0x18, 0x3,
    0xf8, 0x90, 0x28, 0x0,

    /* U+1EA5 "ấ" */
    0x0, 0xf1, 0xff, 0x98, 0x3, 0xfa, 0x1, 0x98,
    0x1, 0xf8, 0x90, 0xe4, 0x3, 0xfd, 0x5a, 0x1,
    0xfe, 0xfa, 0xf1, 0x0, 0xfd, 0x44, 0x22, 0xd0,
    0xf, 0x95, 0x43, 0xe6, 0x67, 0x0, 0xf6, 0xb5,
    0xf, 0x37, 0x8, 0x7, 0x44, 0xa0, 0x14, 0xc8,
    0x40, 0x39, 0x2b, 0xbf, 0xdb, 0x2, 0x1, 0xa6,
    0xd4, 0xc, 0x49, 0xfc, 0x40, 0x8, 0xc1, 0x7d,
    0x9d, 0x60, 0x2c, 0x0, 0xd0, 0x74, 0x0, 0x91,
    0x83, 0x80, 0x13, 0xf0, 0x1, 0xc2, 0x6, 0x1,
    0xc6, 0xd1, 0x5c, 0xe0, 0x1c, 0xfd, 0x92, 0xea,
    0x46, 0x1, 0xa2, 0x2, 0xd3, 0x9f, 0x96, 0x1,
    0x9c, 0x26, 0x4c, 0x60, 0xe, 0x0, 0x84, 0x0,
    0x80, 0x1c, 0xe0, 0x10, 0x80, 0x2c, 0x2, 0x1b,
    0x10, 0x10, 0x4, 0x3, 0x75, 0xe7, 0x22, 0x1,
    0x80, 0xf, 0x66, 0x8, 0x4b, 0x76, 0x2, 0x20,

    /* U+1EA6 "Ầ" */
    0x0, 0xf4, 0xfd, 0x80, 0x7f, 0xf0, 0xe6, 0xd9,
    0xc0, 0x3f, 0xf8, 0x43, 0xaf, 0xa8, 0x1, 0xff,
    0xc0, 0x3a, 0x38, 0xc8, 0x80, 0x7, 0xfc, 0x76,
    0x7b, 0x3f, 0x0, 0x1f, 0xfc, 0x16, 0x0, 0x50,
    0x7, 0xff, 0x5, 0x41, 0x1, 0x80, 0x3f, 0xf8,
    0x3c, 0x1a, 0x60, 0xc0, 0x1f, 0xf0, 0xa0, 0x3d,
    0x85, 0x0, 0x7f, 0xcc, 0x4, 0x2a, 0x6, 0x40,
    0x1f, 0xea, 0xa, 0x2, 0x20, 0x50, 0x7, 0xf1,
    0x90, 0x28, 0x2, 0x81, 0x80, 0x3f, 0xac, 0xc,
    0x80, 0xc, 0x2, 0xa0, 0x1f, 0x98, 0x2c, 0x2,
    0x13, 0xe, 0x0, 0xf9, 0x4, 0x18, 0x3, 0x50,
    0x20, 0x80, 0x7b, 0x80, 0x1d, 0xff, 0xa4, 0x1,
    0x20, 0x1e, 0x50, 0x11, 0xf8, 0x0, 0xc0, 0x1c,
    0xc0, 0xf, 0xee, 0xf5, 0x80, 0xa0, 0x6, 0xa0,
    0x51, 0x0, 0xf2, 0x8, 0x70, 0x4, 0x26, 0x1c,
    0x1, 0xf9, 0x81, 0x44, 0x0, 0xc0, 0x28, 0x1,
    0xfa, 0x80, 0xc, 0x0, 0xa0, 0x60, 0xf, 0xe2,
    0x40, 0xa0,

    /* U+1EA7 "ầ" */
    0x0, 0x97, 0xfc, 0xa0, 0x1f, 0xca, 0xe1, 0x20,
    0x1f, 0xe8, 0x43, 0x40, 0xf, 0xf5, 0xd3, 0x80,
    0x7f, 0xb6, 0xb4, 0x40, 0x3f, 0x51, 0x8, 0xb4,
    0x3, 0xe5, 0x50, 0xf9, 0x99, 0xc0, 0x3d, 0xad,
    0x43, 0xcd, 0xc2, 0x1, 0xd1, 0x28, 0x5, 0x32,
    0x10, 0xe, 0x4a, 0xef, 0xf6, 0xc0, 0x80, 0x69,
    0xb5, 0x3, 0x12, 0x7f, 0x10, 0x2, 0x30, 0x5f,
    0x67, 0x58, 0xb, 0x0, 0x34, 0x1d, 0x0, 0x24,
    0x60, 0xe0, 0x4, 0xfc, 0x0, 0x70, 0x81, 0x80,
    0x71, 0xb4, 0x57, 0x38, 0x7, 0x3f, 0x64, 0xba,
    0x91, 0x80, 0x68, 0x80, 0xb4, 0xe7, 0xe5, 0x80,
    0x67, 0x9, 0x93, 0x18, 0x3, 0x80, 0x21, 0x0,
    0x20, 0x7, 0x38, 0x4, 0x20, 0xb, 0x0, 0x86,
    0xc4, 0x4, 0x1, 0x0, 0xdd, 0x79, 0xc8, 0x80,
    0x60, 0x3, 0xd9, 0x82, 0x12, 0xdd, 0x80, 0x88,

    /* U+1EA8 "Ẩ" */
    0x0, 0xf1, 0xdd, 0xb2, 0x44, 0x3, 0xff, 0x80,
    0x77, 0xee, 0xa6, 0x1, 0xff, 0xc0, 0x3b, 0xf7,
    0xb2, 0x0, 0xff, 0x89, 0x3a, 0xf4, 0x18, 0x3,
    0xfe, 0x27, 0xcf, 0xe4, 0x60, 0xf, 0xfe, 0xb,
    0x0, 0x28, 0x3, 0xff, 0x82, 0xa0, 0x80, 0xc0,
    0x1f, 0xfc, 0x1e, 0xd, 0x30, 0x60, 0xf, 0xf8,
    0x50, 0x1e, 0xc2, 0x80, 0x3f, 0xe6, 0x2, 0x15,
    0x3, 0x20, 0xf, 0xf5, 0x5, 0x1, 0x10, 0x28,
    0x3, 0xf8, 0xc8, 0x14, 0x1, 0x40, 0xc0, 0x1f,
    0xd6, 0x6, 0x40, 0x6, 0x1, 0x50, 0xf, 0xcc,
    0x16, 0x1, 0x9, 0x87, 0x0, 0x7c, 0x82, 0xc,
    0x1, 0xa8, 0x10, 0x40, 0x3d, 0xc0, 0xe, 0xff,
    0xd2, 0x0, 0x90, 0xf, 0x28, 0x8, 0xfc, 0x0,
    0x60, 0xe, 0x60, 0x7, 0xf7, 0x7a, 0xc0, 0x50,
    0x3, 0x50, 0x28, 0x80, 0x79, 0x4, 0x38, 0x2,
    0x13, 0xe, 0x0, 0xfc, 0xc0, 0xa2, 0x0, 0x60,
    0x14, 0x0, 0xfd, 0x40, 0x6, 0x0, 0x50, 0x30,
    0x7, 0xf1, 0x20, 0x50, 0x0,

    /* U+1EA9 "ẩ" */
    0x0, 0xd3, 0xfe, 0xd7, 0x0, 0xfd, 0x19, 0x63,
    0x8, 0x1, 0xf0, 0x9f, 0x1a, 0x28, 0x7, 0xf1,
    0xed, 0x88, 0x7, 0xed, 0x6c, 0x10, 0xf, 0xd4,
    0x42, 0x2d, 0x0, 0xf9, 0x54, 0x3e, 0x66, 0x70,
    0xf, 0x6b, 0x50, 0xf3, 0x70, 0x80, 0x74, 0x4a,
    0x1, 0x4c, 0x84, 0x3, 0x92, 0xbb, 0xfd, 0xb0,
    0x20, 0x1a, 0x6d, 0x40, 0xc4, 0x9f, 0xc4, 0x0,
    0x8c, 0x17, 0xd9, 0xd6, 0x2, 0xc0, 0xd, 0x7,
    0x40, 0x9, 0x18, 0x38, 0x1, 0x3f, 0x0, 0x1c,
    0x20, 0x60, 0x1c, 0x6d, 0x15, 0xce, 0x1, 0xcf,
    0xd9, 0x2e, 0xa4, 0x60, 0x1a, 0x20, 0x2d, 0x39,
    0xf9, 0x60, 0x19, 0xc2, 0x64, 0xc6, 0x0, 0xe0,
    0x8, 0x40, 0x8, 0x1, 0xce, 0x1, 0x8, 0x2,
    0xc0, 0x21, 0xb1, 0x1, 0x0, 0x40, 0x37, 0x5e,
    0x72, 0x20, 0x18, 0x0, 0xf6, 0x60, 0x84, 0xb7,
    0x60, 0x22, 0x0,

    /* U+1EAA "Ẫ" */
    0x0, 0xe4, 0xde, 0xb4, 0x9, 0xa0, 0xf, 0xf5,
    0x5e, 0x95, 0xfb, 0x48, 0x7, 0xfb, 0x5e, 0xf9,
    0xa3, 0xcc, 0x3, 0xfc, 0x33, 0xaf, 0x7e, 0xa0,
    0x1f, 0xf1, 0x46, 0x7e, 0xda, 0x80, 0x7f, 0xf0,
    0x58, 0x1, 0x40, 0x1f, 0xfc, 0x15, 0x4, 0x6,
    0x0, 0xff, 0xe0, 0xf0, 0x69, 0x83, 0x0, 0x7f,
    0xc2, 0x80, 0xf6, 0x14, 0x1, 0xff, 0x30, 0x10,
    0xa8, 0x19, 0x0, 0x7f, 0xa8, 0x28, 0x8, 0x81,
    0x40, 0x1f, 0xc6, 0x40, 0xa0, 0xa, 0x6, 0x0,
    0xfe, 0xb0, 0x32, 0x0, 0x30, 0xa, 0x80, 0x7e,
    0x60, 0xb0, 0x8, 0x4c, 0x38, 0x3, 0xe4, 0x10,
    0x60, 0xd, 0x40, 0x82, 0x1, 0xee, 0x0, 0x77,
    0xfe, 0x90, 0x4, 0x80, 0x79, 0x40, 0x47, 0xe0,
    0x3, 0x0, 0x73, 0x0, 0x3f, 0xbb, 0xd6, 0x2,
    0x80, 0x1a, 0x81, 0x44, 0x3, 0xc8, 0x21, 0xc0,
    0x10, 0x98, 0x70, 0x7, 0xe6, 0x5, 0x10, 0x3,
    0x0, 0xa0, 0x7, 0xea, 0x0, 0x30, 0x2, 0x81,
    0x80, 0x3f, 0x89, 0x2, 0x80,

    /* U+1EAB "ẫ" */
    0x0, 0x85, 0xe0, 0xc0, 0x12, 0x80, 0x1d, 0x90,
    0xf9, 0xba, 0x61, 0x0, 0xc6, 0x51, 0xd0, 0x4,
    0xaa, 0x0, 0xc7, 0xee, 0x2f, 0xbf, 0x40, 0x1f,
    0xb7, 0xf8, 0x40, 0x3f, 0x51, 0x8, 0xb4, 0x3,
    0xe5, 0x50, 0xf9, 0x99, 0xc0, 0x3d, 0xad, 0x43,
    0xcd, 0xc2, 0x1, 0xd1, 0x28, 0x5, 0x32, 0x10,
    0xe, 0x4a, 0xef, 0xf6, 0xc0, 0x80, 0x69, 0xb5,
    0x3, 0x12, 0x7f, 0x10, 0x2, 0x30, 0x5f, 0x67,
    0x58, 0xb, 0x0, 0x34, 0x1d, 0x0, 0x24, 0x60,
    0xe0, 0x4, 0xfc, 0x0, 0x70, 0x81, 0x80, 0x71,
    0xb4, 0x57, 0x38, 0x7, 0x3f, 0x64, 0xba, 0x91,
    0x80, 0x68, 0x80, 0xb4, 0xe7, 0xe5, 0x80, 0x67,
    0x9, 0x93, 0x18, 0x3, 0x80, 0x21, 0x0, 0x20,
    0x7, 0x38, 0x4, 0x20, 0xb, 0x0, 0x86, 0xc4,
    0x4, 0x1, 0x0, 0xdd, 0x79, 0xc8, 0x80, 0x60,
    0x3, 0xd9, 0x82, 0x12, 0xdd, 0x80, 0x88,

    /* U+1EAC "Ậ" */
    0x0, 0xf9, 0xa1, 0xc8, 0x3, 0xff, 0x80, 0x79,
    0x7b, 0xdb, 0x0, 0x1f, 0xf1, 0xe2, 0x53, 0x64,
    0x0, 0x7f, 0xf0, 0x58, 0x1, 0x40, 0x1f, 0xfc,
    0x15, 0x4, 0x6, 0x0, 0xff, 0xe0, 0xf0, 0x69,
    0x83, 0x0, 0x7f, 0xc2, 0x80, 0xf6, 0x14, 0x1,
    0xff, 0x30, 0x10, 0xa8, 0x19, 0x0, 0x7f, 0xa8,
    0x28, 0x8, 0x81, 0x40, 0x1f, 0xc6, 0x40, 0xa0,
    0xa, 0x6, 0x0, 0xfe, 0xb0, 0x32, 0x0, 0x30,
    0xa, 0x80, 0x7e, 0x60, 0xb0, 0x8, 0x4c, 0x38,
    0x3, 0xe4, 0x10, 0x60, 0xd, 0x40, 0x82, 0x1,
    0xee, 0x0, 0x77, 0xfe, 0x90, 0x4, 0x80, 0x79,
    0x40, 0x47, 0xe0, 0x3, 0x0, 0x73, 0x0, 0x3f,
    0xbb, 0xd6, 0x2, 0x80, 0x1a, 0x81, 0x44, 0x3,
    0xc8, 0x21, 0xc0, 0x10, 0x98, 0x70, 0x7, 0xe6,
    0x5, 0x10, 0x3, 0x0, 0xa0, 0x7, 0xea, 0x0,
    0x30, 0x2, 0x81, 0x80, 0x3f, 0x89, 0x2, 0x80,
    0x1b, 0xf0, 0x1, 0xfe, 0xbf, 0xd0, 0xf, 0xc4,
    0xee, 0x0, 0xff, 0xe1, 0xbc, 0x40, 0x3, 0xff,
    0x9c,

    /* U+1EAD "ậ" */
    0x0, 0xed, 0xfe, 0x10, 0xf, 0xd4, 0x42, 0x2d,
    0x0, 0xf9, 0x54, 0x3e, 0x66, 0x70, 0xf, 0x6b,
    0x50, 0xf3, 0x70, 0x80, 0x74, 0x4a, 0x1, 0x4c,
    0x84, 0x3, 0x92, 0xbb, 0xfd, 0xb0, 0x20, 0x1a,
    0x6d, 0x40, 0xc4, 0x9f, 0xc4, 0x0, 0x8c, 0x17,
    0xd9, 0xd6, 0x2, 0xc0, 0xd, 0x7, 0x40, 0x9,
    0x18, 0x38, 0x1, 0x3f, 0x0, 0x1c, 0x20, 0x60,
    0x1c, 0x6d, 0x15, 0xce, 0x1, 0xcf, 0xd9, 0x2e,
    0xa4, 0x60, 0x1a, 0x20, 0x2d, 0x39, 0xf9, 0x60,
    0x19, 0xc2, 0x64, 0xc6, 0x0, 0xe0, 0x8, 0x40,
    0x8, 0x1, 0xce, 0x1, 0x8, 0x2, 0xc0, 0x21,
    0xb1, 0x1, 0x0, 0x40, 0x37, 0x5e, 0x72, 0x20,
    0x18, 0x0, 0xf6, 0x60, 0x84, 0xb7, 0x60, 0x22,
    0x0, 0x13, 0x3b, 0xfa, 0x90, 0x3f, 0xc4, 0x1,
    0xd5, 0xf8, 0x1, 0xff, 0xcb, 0xe8, 0x90, 0xe,

    /* U+1EAE "Ắ" */
    0x0, 0xfc, 0x7f, 0xc8, 0x1, 0xff, 0xc1, 0x1d,
    0x4f, 0x40, 0xf, 0xf8, 0x98, 0xfa, 0xcd, 0xc4,
    0x3, 0xfc, 0x41, 0xdd, 0x88, 0x40, 0x3f, 0xe6,
    0x51, 0x17, 0xa8, 0x7, 0xff, 0x5, 0x80, 0x14,
    0x1, 0xff, 0xc1, 0x50, 0x40, 0x60, 0xf, 0xfe,
    0xf, 0x6, 0x98, 0x30, 0x7, 0xfc, 0x28, 0xf,
    0x61, 0x40, 0x1f, 0xf3, 0x1, 0xa, 0x81, 0x90,
    0x7, 0xfa, 0x82, 0x80, 0x88, 0x14, 0x1, 0xfc,
    0x64, 0xa, 0x0, 0xa0, 0x60, 0xf, 0xeb, 0x3,
    0x20, 0x3, 0x0, 0xa8, 0x7, 0xe6, 0xb, 0x0,
    0x84, 0xc3, 0x80, 0x3e, 0x41, 0x6, 0x0, 0xd4,
    0x8, 0x20, 0x1e, 0xe0, 0x7, 0x7f, 0xe9, 0x0,
    0x48, 0x7, 0x94, 0x4, 0x7e, 0x0, 0x30, 0x7,
    0x30, 0x3, 0xfb, 0xbd, 0x60, 0x28, 0x1, 0xa8,
    0x14, 0x40, 0x3c, 0x82, 0x1c, 0x1, 0x9, 0x87,
    0x0, 0x7e, 0x60, 0x51, 0x0, 0x30, 0xa, 0x0,
    0x7e, 0xa0, 0x3, 0x0, 0x28, 0x18, 0x3, 0xf8,
    0x90, 0x28, 0x0,

    /* U+1EAF "ắ" */
    0x0, 0xf2, 0x7f, 0x98, 0x3, 0xfb, 0xc1, 0x98,
    0x1, 0xf8, 0xd0, 0xe4, 0x3, 0xfd, 0x5a, 0x1,
    0xf9, 0xfc, 0xd4, 0x53, 0xcc, 0x3, 0x94, 0x28,
    0xd2, 0x48, 0xc0, 0x38, 0xa5, 0x72, 0xcf, 0x80,
    0x3e, 0x6e, 0xbc, 0xe3, 0x0, 0xfc, 0x28, 0x60,
    0x1f, 0x92, 0xbb, 0xfd, 0xb0, 0x20, 0x1a, 0x6d,
    0x40, 0xc4, 0x9f, 0xc4, 0x0, 0x8c, 0x17, 0xd9,
    0xd6, 0x2, 0xc0, 0xd, 0x7, 0x40, 0x9, 0x18,
    0x38, 0x1, 0x3f, 0x0, 0x1c, 0x20, 0x60, 0x1c,
    0x6d, 0x15, 0xce, 0x1, 0xcf, 0xd9, 0x2e, 0xa4,
    0x60, 0x1a, 0x20, 0x2d, 0x39, 0xf9, 0x60, 0x19,
    0xc2, 0x64, 0xc6, 0x0, 0xe0, 0x8, 0x40, 0x8,
    0x1, 0xce, 0x1, 0x8, 0x2, 0xc0, 0x21, 0xb1,
    0x1, 0x0, 0x40, 0x37, 0x5e, 0x72, 0x20, 0x18,
    0x0, 0xf6, 0x60, 0x84, 0xb7, 0x60, 0x22, 0x0,

    /* U+1EB0 "Ằ" */
    0x0, 0xf5, 0x7d, 0x80, 0x7f, 0xf0, 0xea, 0x88,
    0xe0, 0x1f, 0xfc, 0x12, 0x67, 0xf7, 0x27, 0x10,
    0xf, 0xf1, 0x7, 0x76, 0x21, 0x0, 0xff, 0x99,
    0x44, 0x5e, 0xa0, 0x1f, 0xfc, 0x16, 0x0, 0x50,
    0x7, 0xff, 0x5, 0x41, 0x1, 0x80, 0x3f, 0xf8,
    0x3c, 0x1a, 0x60, 0xc0, 0x1f, 0xf0, 0xa0, 0x3d,
    0x85, 0x0, 0x7f, 0xcc, 0x4, 0x2a, 0x6, 0x40,
    0x1f, 0xea, 0xa, 0x2, 0x20, 0x50, 0x7, 0xf1,
    0x90, 0x28, 0x2, 0x81, 0x80, 0x3f, 0xac, 0xc,
    0x80, 0xc, 0x2, 0xa0, 0x1f, 0x98, 0x2c, 0x2,
    0x13, 0xe, 0x0, 0xf9, 0x4, 0x18, 0x3, 0x50,
    0x20, 0x80, 0x7b, 0x80, 0x1d, 0xff, 0xa4, 0x1,
    0x20, 0x1e, 0x50, 0x11, 0xf8, 0x0, 0xc0, 0x1c,
    0xc0, 0xf, 0xee, 0xf5, 0x80, 0xa0, 0x6, 0xa0,
    0x51, 0x0, 0xf2, 0x8, 0x70, 0x4, 0x26, 0x1c,
    0x1, 0xf9, 0x81, 0x44, 0x0, 0xc0, 0x28, 0x1,
    0xfa, 0x80, 0xc, 0x0, 0xa0, 0x60, 0xf, 0xe2,
    0x40, 0xa0,

    /* U+1EB1 "ằ" */
    0x0, 0xd9, 0xfa, 0x1, 0xfe, 0xd1, 0x25, 0x0,
    0xfe, 0x1d, 0x8, 0x0, 0xff, 0x1e, 0x40, 0x7,
    0xe7, 0xf0, 0x35, 0x4f, 0x30, 0xe, 0x50, 0xa3,
    0x49, 0x23, 0x0, 0xe2, 0x95, 0xcb, 0x3e, 0x0,
    0xf9, 0xba, 0xf3, 0x8c, 0x3, 0xf0, 0xa1, 0x80,
    0x7e, 0x4a, 0xef, 0xf6, 0xc0, 0x80, 0x69, 0xb5,
    0x3, 0x12, 0x7f, 0x10, 0x2, 0x30, 0x5f, 0x67,
    0x58, 0xb, 0x0, 0x34, 0x1d, 0x0, 0x24, 0x60,
    0xe0, 0x4, 0xfc, 0x0, 0x70, 0x81, 0x80, 0x71,
    0xb4, 0x57, 0x38, 0x7, 0x3f, 0x64, 0xba, 0x91,
    0x80, 0x68, 0x80, 0xb4, 0xe7, 0xe5, 0x80, 0x67,
    0x9, 0x93, 0x18, 0x3, 0x80, 0x21, 0x0, 0x20,
    0x7, 0x38, 0x4, 0x20, 0xb, 0x0, 0x86, 0xc4,
    0x4, 0x1, 0x0, 0xdd, 0x79, 0xc8, 0x80, 0x60,
    0x3, 0xd9, 0x82, 0x12, 0xdd, 0x80, 0x88,

    /* U+1EB2 "Ẳ" */
    0x0, 0xf1, 0xdd, 0xb2, 0x40, 0x3f, 0xf8, 0x27,
    0x7e, 0x8, 0x40, 0x1f, 0xf1, 0x49, 0x3f, 0x72,
    0xc4, 0x3, 0xfc, 0x59, 0xdb, 0x91, 0xa2, 0x1,
    0xff, 0x2a, 0x84, 0x50, 0x80, 0x1f, 0xfc, 0x16,
    0x0, 0x50, 0x7, 0xff, 0x5, 0x41, 0x1, 0x80,
    0x3f, 0xf8, 0x3c, 0x1a, 0x60, 0xc0, 0x1f, 0xf0,
    0xa0, 0x3d, 0x85, 0x0, 0x7f, 0xcc, 0x4, 0x2a,
    0x6, 0x40, 0x1f, 0xea, 0xa, 0x2, 0x20, 0x50,
    0x7, 0xf1, 0x90, 0x28, 0x2, 0x81, 0x80, 0x3f,
    0xac, 0xc, 0x80, 0xc, 0x2, 0xa0, 0x1f, 0x98,
    0x2c, 0x2, 0x13, 0xe, 0x0, 0xf9, 0x4, 0x18,
    0x3, 0x50, 0x20, 0x80, 0x7b, 0x80, 0x1d, 0xff,
    0xa4, 0x1, 0x20, 0x1e, 0x50, 0x11, 0xf8, 0x0,
    0xc0, 0x1c, 0xc0, 0xf, 0xee, 0xf5, 0x80, 0xa0,
    0x6, 0xa0, 0x51, 0x0, 0xf2, 0x8, 0x70, 0x4,
    0x26, 0x1c, 0x1, 0xf9, 0x81, 0x44, 0x0, 0xc0,
    0x28, 0x1, 0xfa, 0x80, 0xc, 0x0, 0xa0, 0x60,
    0xf, 0xe2, 0x40, 0xa0,

    /* U+1EB3 "ẳ" */
    0x0, 0xcb, 0xfe, 0xd9, 0x0, 0xfc, 0xb9, 0x87,
    0x68, 0x0, 0xfc, 0x74, 0x87, 0x60, 0x1f, 0xdf,
    0x58, 0x60, 0x1e, 0x7f, 0x6, 0x44, 0x79, 0x80,
    0x72, 0x85, 0x1a, 0x49, 0x18, 0x7, 0x14, 0xae,
    0x59, 0xf0, 0x7, 0xcd, 0xd7, 0x9c, 0x60, 0x1f,
    0x85, 0xc, 0x3, 0xf2, 0x57, 0x7f, 0xb6, 0x4,
    0x3, 0x4d, 0xa8, 0x18, 0x93, 0xf8, 0x80, 0x11,
    0x82, 0xfb, 0x3a, 0xc0, 0x58, 0x1, 0xa0, 0xe8,
    0x1, 0x23, 0x7, 0x0, 0x27, 0xe0, 0x3, 0x84,
    0xc, 0x3, 0x8d, 0xa2, 0xb9, 0xc0, 0x39, 0xfb,
    0x25, 0xd4, 0x8c, 0x3, 0x44, 0x5, 0xa7, 0x3f,
    0x2c, 0x3, 0x38, 0x4c, 0x98, 0xc0, 0x1c, 0x1,
    0x8, 0x1, 0x0, 0x39, 0xc0, 0x21, 0x0, 0x58,
    0x4, 0x36, 0x20, 0x20, 0x8, 0x6, 0xeb, 0xce,
    0x44, 0x3, 0x0, 0x1e, 0xcc, 0x10, 0x96, 0xec,
    0x4, 0x40,

    /* U+1EB4 "Ẵ" */
    0x0, 0xe2, 0xcf, 0xc6, 0x16, 0xe0, 0xf, 0xf4,
    0xae, 0x5c, 0x74, 0xc8, 0x3, 0xfd, 0xc2, 0x27,
    0xea, 0x66, 0x0, 0x7f, 0x97, 0xbb, 0xb4, 0x40,
    0x3f, 0xe6, 0x51, 0x14, 0x20, 0x7, 0xff, 0x5,
    0x80, 0x14, 0x1, 0xff, 0xc1, 0x50, 0x40, 0x60,
    0xf, 0xfe, 0xf, 0x6, 0x98, 0x30, 0x7, 0xfc,
    0x28, 0xf, 0x61, 0x40, 0x1f, 0xf3, 0x1, 0xa,
    0x81, 0x90, 0x7, 0xfa, 0x82, 0x80, 0x88, 0x14,
    0x1, 0xfc, 0x64, 0xa, 0x0, 0xa0, 0x60, 0xf,
    0xeb, 0x3, 0x20, 0x3, 0x0, 0xa8, 0x7, 0xe6,
    0xb, 0x0, 0x84, 0xc3, 0x80, 0x3e, 0x41, 0x6,
    0x0, 0xd4, 0x8, 0x20, 0x1e, 0xe0, 0x7, 0x7f,
    0xe9, 0x0, 0x48, 0x7, 0x94, 0x4, 0x7e, 0x0,
    0x30, 0x7, 0x30, 0x3, 0xfb, 0xbd, 0x60, 0x28,
    0x1, 0xa8, 0x14, 0x40, 0x3c, 0x82, 0x1c, 0x1,
    0x9, 0x87, 0x0, 0x7e, 0x60, 0x51, 0x0, 0x30,
    0xa, 0x0, 0x7e, 0xa0, 0x3, 0x0, 0x28, 0x18,
    0x3, 0xf8, 0x90, 0x28, 0x0,

    /* U+1EB5 "ẵ" */
    0x0, 0xc9, 0xc, 0x20, 0xb2, 0x1, 0xcd, 0x6f,
    0x3d, 0x94, 0xa0, 0x1d, 0x43, 0xd6, 0x86, 0x5e,
    0x1, 0xd9, 0xc2, 0x97, 0xfa, 0x60, 0x1c, 0xfe,
    0x1, 0x27, 0x98, 0x7, 0x28, 0x51, 0xa4, 0x91,
    0x80, 0x71, 0x4a, 0xe5, 0x9f, 0x0, 0x7c, 0xdd,
    0x79, 0xc6, 0x1, 0xf8, 0x50, 0xc0, 0x3f, 0x25,
    0x77, 0xfb, 0x60, 0x40, 0x34, 0xda, 0x81, 0x89,
    0x3f, 0x88, 0x1, 0x18, 0x2f, 0xb3, 0xac, 0x5,
    0x80, 0x1a, 0xe, 0x80, 0x12, 0x30, 0x70, 0x2,
    0x7e, 0x0, 0x38, 0x40, 0xc0, 0x38, 0xda, 0x2b,
    0x9c, 0x3, 0x9f, 0xb2, 0x5d, 0x48, 0xc0, 0x34,
    0x40, 0x5a, 0x73, 0xf2, 0xc0, 0x33, 0x84, 0xc9,
    0x8c, 0x1, 0xc0, 0x10, 0x80, 0x10, 0x3, 0x9c,
    0x2, 0x10, 0x5, 0x80, 0x43, 0x62, 0x2, 0x0,
    0x80, 0x6e, 0xbc, 0xe4, 0x40, 0x30, 0x1, 0xec,
    0xc1, 0x9, 0x6e, 0xc0, 0x44,

    /* U+1EB6 "Ặ" */
    0x0, 0xe2, 0x62, 0x0, 0x13, 0x88, 0x7, 0xf8,
    0x83, 0xbb, 0x10, 0x80, 0x7f, 0xcc, 0xa2, 0x2f,
    0x50, 0xf, 0xfe, 0xb, 0x0, 0x28, 0x3, 0xff,
    0x82, 0xa0, 0x80, 0xc0, 0x1f, 0xfc, 0x1e, 0xd,
    0x30, 0x60, 0xf, 0xf8, 0x50, 0x1e, 0xc2, 0x80,
    0x3f, 0xe6, 0x2, 0x15, 0x3, 0x20, 0xf, 0xf5,
    0x5, 0x1, 0x10, 0x28, 0x3, 0xf8, 0xc8, 0x14,
    0x1, 0x40, 0xc0, 0x1f, 0xd6, 0x6, 0x40, 0x6,
    0x1, 0x50, 0xf, 0xcc, 0x16, 0x1, 0x9, 0x87,
    0x0, 0x7c, 0x82, 0xc, 0x1, 0xa8, 0x10, 0x40,
    0x3d, 0xc0, 0xe, 0xff, 0xd2, 0x0, 0x90, 0xf,
    0x28, 0x8, 0xfc, 0x0, 0x60, 0xe, 0x60, 0x7,
    0xf7, 0x7a, 0xc0, 0x50, 0x3, 0x50, 0x28, 0x80,
    0x79, 0x4, 0x38, 0x2, 0x13, 0xe, 0x0, 0xfc,
    0xc0, 0xa2, 0x0, 0x60, 0x14, 0x0, 0xfd, 0x40,
    0x6, 0x0, 0x50, 0x30, 0x7, 0xf1, 0x20, 0x50,
    0x3, 0x7e, 0x0, 0x3f, 0xd7, 0xfa, 0x1, 0xf8,
    0x9d, 0xc0, 0x1f, 0xfc, 0x37, 0x88, 0x0, 0x7f,
    0xf3, 0x80,

    /* U+1EB7 "ặ" */
    0x0, 0x9f, 0xc0, 0x24, 0xf3, 0x0, 0xe5, 0xa,
    0x34, 0x92, 0x30, 0xe, 0x29, 0x5c, 0xb3, 0xe0,
    0xf, 0x9b, 0xaf, 0x38, 0xc0, 0x3f, 0xa, 0x18,
    0x7, 0xe4, 0xae, 0xff, 0x6c, 0x8, 0x6, 0x9b,
    0x50, 0x31, 0x27, 0xf1, 0x0, 0x23, 0x5, 0xf6,
    0x75, 0x80, 0xb0, 0x3, 0x41, 0xd0, 0x2, 0x46,
    0xe, 0x0, 0x4f, 0xc0, 0x7, 0x8, 0x18, 0x7,
    0x1b, 0x45, 0x73, 0x80, 0x73, 0xf6, 0x4b, 0xa9,
    0x18, 0x6, 0x88, 0xb, 0x4e, 0x7e, 0x58, 0x6,
    0x70, 0x99, 0x31, 0x80, 0x38, 0x2, 0x10, 0x2,
    0x0, 0x73, 0x80, 0x42, 0x0, 0xb0, 0x8, 0x6c,
    0x40, 0x40, 0x10, 0xd, 0xd7, 0x9c, 0x88, 0x6,
    0x0, 0x3d, 0x98, 0x21, 0x2d, 0xd8, 0x8, 0x80,
    0x4, 0xce, 0xfe, 0xa4, 0xf, 0xf1, 0x0, 0x75,
    0x7e, 0x0, 0x7f, 0xf2, 0xfa, 0x24, 0x3, 0x80,

    /* U+1EB8 "Ẹ" */
    0x1f, 0xff, 0xfe, 0x2, 0x80, 0x7f, 0xf1, 0x73,
    0xbb, 0xf9, 0x40, 0x21, 0x1f, 0xf0, 0x7, 0xff,
    0x88, 0x40, 0x3f, 0xf8, 0x39, 0xff, 0xfa, 0x80,
    0x3f, 0xf8, 0xdb, 0xff, 0xfa, 0x80, 0x3f, 0xfe,
    0x2, 0x3f, 0xe0, 0xd, 0x9d, 0xdf, 0xd6, 0x1,
    0xff, 0xc2, 0x1f, 0xff, 0xfe, 0x5, 0x80, 0x79,
    0x9c, 0xc0, 0x3f, 0xe8, 0x85, 0x80, 0x7f, 0xf1,
    0xc0,

    /* U+1EB9 "ẹ" */
    0x0, 0x8a, 0x77, 0xfa, 0xd0, 0x3, 0x93, 0x58,
    0x88, 0x69, 0x70, 0x1, 0x15, 0x83, 0x7e, 0xea,
    0xc5, 0xd4, 0x1, 0x60, 0x92, 0x1, 0x25, 0x84,
    0x0, 0x1c, 0x38, 0x3, 0x94, 0x8, 0x80, 0x21,
    0x19, 0x9e, 0x0, 0x30, 0x80, 0x8, 0xcf, 0xc0,
    0x1, 0x0, 0xb7, 0xff, 0xf2, 0x88, 0x81, 0xc0,
    0x3c, 0x84, 0x0, 0x40, 0x90, 0xe, 0x4b, 0xd1,
    0x8, 0x3, 0x90, 0x8, 0xe8, 0x18, 0x40, 0xa8,
    0x1b, 0xf3, 0x70, 0x4e, 0x40, 0x25, 0xd6, 0x23,
    0x23, 0x8c, 0x0, 0xe2, 0x9d, 0xff, 0x63, 0x80,
    0x7e, 0x6f, 0xf0, 0x7, 0xff, 0x2d, 0x62, 0x0,
    0x1c,

    /* U+1EBA "Ẻ" */
    0x0, 0xef, 0xf7, 0x59, 0x80, 0x7f, 0x6e, 0x5a,
    0x60, 0x7, 0xf1, 0x3c, 0x8c, 0x0, 0x7f, 0x9e,
    0xf9, 0xc0, 0x30, 0xff, 0xf6, 0x47, 0xff, 0x28,
    0x7, 0xff, 0x17, 0x3b, 0xbf, 0x94, 0x2, 0x11,
    0xff, 0x0, 0x7f, 0xf8, 0x84, 0x3, 0xff, 0x83,
    0x9f, 0xff, 0xa8, 0x3, 0xff, 0x8d, 0xbf, 0xff,
    0xa8, 0x3, 0xff, 0xe0, 0x23, 0xfe, 0x0, 0xd9,
    0xdd, 0xfd, 0x60, 0x1f, 0xfc, 0x20,

    /* U+1EBB "ẻ" */
    0x0, 0xff, 0xe2, 0xbf, 0xfb, 0xa0, 0x3, 0xf3,
    0x65, 0x13, 0xb0, 0x7, 0xc2, 0x68, 0xe0, 0x1f,
    0xf7, 0xab, 0xb0, 0x7, 0xf4, 0xec, 0x0, 0x7f,
    0x9c, 0xc0, 0x3f, 0x14, 0xef, 0xf5, 0xa0, 0x7,
    0x26, 0xb1, 0x10, 0xd2, 0xe0, 0x2, 0x2b, 0x6,
    0xfd, 0xd5, 0x8b, 0xa8, 0x2, 0xc1, 0x24, 0x2,
    0x4b, 0x8, 0x0, 0x38, 0x70, 0x7, 0x28, 0x11,
    0x0, 0x42, 0x33, 0x3c, 0x0, 0x61, 0x0, 0x11,
    0x9f, 0x80, 0x2, 0x1, 0x6f, 0xff, 0xe5, 0x11,
    0x3, 0x80, 0x79, 0x8, 0x0, 0x81, 0x20, 0x1c,
    0x97, 0xa2, 0x10, 0x7, 0x20, 0x11, 0xd0, 0x30,
    0x81, 0x50, 0x37, 0xe6, 0xe0, 0x9c, 0x80, 0x4b,
    0xac, 0x46, 0x47, 0x18, 0x0,

    /* U+1EBC "Ẽ" */
    0x0, 0xc5, 0xe, 0x40, 0x52, 0x60, 0x1c, 0x38,
    0xf1, 0xb9, 0xec, 0x20, 0x1c, 0xe3, 0x7a, 0xe4,
    0x70, 0x40, 0x1c, 0xde, 0x85, 0x1d, 0xc7, 0x0,
    0x87, 0xff, 0xff, 0x80, 0xa0, 0x1f, 0xfc, 0x5c,
    0xee, 0xfe, 0x50, 0x8, 0x47, 0xfc, 0x1, 0xff,
    0xe2, 0x10, 0xf, 0xfe, 0xe, 0x7f, 0xfe, 0xa0,
    0xf, 0xfe, 0x36, 0xff, 0xfe, 0xa0, 0xf, 0xff,
    0x80, 0x8f, 0xf8, 0x3, 0x67, 0x77, 0xf5, 0x80,
    0x7f, 0xf0, 0x80,

    /* U+1EBD "ẽ" */
    0x0, 0x8b, 0x3a, 0x44, 0x3a, 0x80, 0x3b, 0x8d,
    0x1b, 0xb0, 0x70, 0x3, 0x8d, 0xeb, 0x50, 0xd5,
    0x80, 0x3b, 0xe0, 0xa, 0xfe, 0x80, 0x3f, 0xf8,
    0xe5, 0x3b, 0xfd, 0x68, 0x1, 0xc9, 0xac, 0x44,
    0x34, 0xb8, 0x0, 0x8a, 0xc1, 0xbf, 0x75, 0x62,
    0xea, 0x0, 0xb0, 0x49, 0x0, 0x92, 0xc2, 0x0,
    0xe, 0x1c, 0x1, 0xca, 0x4, 0x40, 0x10, 0x8c,
    0xcf, 0x0, 0x18, 0x40, 0x4, 0x67, 0xe0, 0x0,
    0x80, 0x5b, 0xff, 0xf9, 0x44, 0x40, 0xe0, 0x1e,
    0x42, 0x0, 0x20, 0x48, 0x7, 0x25, 0xe8, 0x84,
    0x1, 0xc8, 0x4, 0x74, 0xc, 0x20, 0x54, 0xd,
    0xf9, 0xb8, 0x27, 0x20, 0x12, 0xeb, 0x11, 0x91,
    0xc6, 0x0, 0x0,

    /* U+1EBE "Ế" */
    0x0, 0xfb, 0x7d, 0xc0, 0x3f, 0xd2, 0x38, 0xe0,
    0x1f, 0xcc, 0x6c, 0x80, 0x1f, 0x86, 0x6b, 0xe7,
    0x28, 0x80, 0x21, 0xff, 0x73, 0x1d, 0x62, 0x2e,
    0xff, 0x94, 0x3, 0xff, 0x8b, 0x9d, 0xdf, 0xca,
    0x1, 0x8, 0xff, 0x80, 0x3f, 0xfc, 0x42, 0x1,
    0xff, 0xc1, 0xcf, 0xff, 0xd4, 0x1, 0xff, 0xc6,
    0xdf, 0xff, 0xd4, 0x1, 0xff, 0xf0, 0x11, 0xff,
    0x0, 0x6c, 0xee, 0xfe, 0xb0, 0xf, 0xfe, 0x10,

    /* U+1EBF "ế" */
    0x0, 0xf1, 0xff, 0x9c, 0x3, 0xfa, 0x1, 0x5c,
    0x3, 0xf1, 0x21, 0xd0, 0x7, 0xfa, 0xb4, 0x3,
    0xfd, 0xf5, 0xe2, 0x1, 0xfa, 0x48, 0x45, 0xa0,
    0x1f, 0x2b, 0x7, 0x99, 0xa0, 0x3, 0xda, 0xd4,
    0x3c, 0xc2, 0x20, 0xe, 0x89, 0x50, 0x29, 0x90,
    0x80, 0x71, 0x4e, 0xff, 0x5a, 0x0, 0x72, 0x6b,
    0x11, 0xd, 0x2e, 0x0, 0x22, 0xb0, 0x6f, 0xdd,
    0x58, 0xba, 0x80, 0x2c, 0x12, 0x40, 0x24, 0xb0,
    0x80, 0x3, 0x87, 0x0, 0x72, 0x81, 0x10, 0x4,
    0x23, 0x33, 0xc0, 0x6, 0x10, 0x1, 0x19, 0xf8,
    0x0, 0x20, 0x16, 0xff, 0xfe, 0x51, 0x10, 0x38,
    0x7, 0x90, 0x80, 0x8, 0x12, 0x1, 0xc9, 0x7a,
    0x21, 0x0, 0x72, 0x1, 0x1d, 0x3, 0x8, 0x15,
    0x3, 0x7e, 0x6e, 0x9, 0xc8, 0x4, 0xba, 0xc4,
    0x64, 0x71, 0x80, 0x0,

    /* U+1EC0 "Ề" */
    0x0, 0xcb, 0xdc, 0x20, 0xf, 0xf2, 0xfa, 0xc8,
    0x7, 0xfc, 0xe2, 0x27, 0x0, 0xfc, 0x33, 0x5f,
    0x39, 0x44, 0x1, 0xf, 0xfb, 0x98, 0xeb, 0x11,
    0x77, 0xfc, 0xa0, 0x1f, 0xfc, 0x5c, 0xee, 0xfe,
    0x50, 0x8, 0x47, 0xfc, 0x1, 0xff, 0xe2, 0x10,
    0xf, 0xfe, 0xe, 0x7f, 0xfe, 0xa0, 0xf, 0xfe,
    0x36, 0xff, 0xfe, 0xa0, 0xf, 0xff, 0x80, 0x8f,
    0xf8, 0x3, 0x67, 0x77, 0xf5, 0x80, 0x7f, 0xf0,
    0x80,

    /* U+1EC1 "ề" */
    0x0, 0x97, 0xfc, 0xa0, 0x1f, 0xca, 0xe1, 0x20,
    0x1f, 0xe8, 0x43, 0x40, 0xf, 0xf5, 0xd3, 0x80,
    0x7f, 0xb6, 0xb4, 0x40, 0x3f, 0x49, 0x8, 0xb4,
    0x3, 0xe5, 0x60, 0xf3, 0x34, 0x0, 0x7b, 0x5a,
    0x87, 0x98, 0x44, 0x1, 0xd1, 0x2a, 0x5, 0x32,
    0x10, 0xe, 0x29, 0xdf, 0xeb, 0x40, 0xe, 0x4d,
    0x62, 0x21, 0xa5, 0xc0, 0x4, 0x56, 0xd, 0xfb,
    0xab, 0x17, 0x50, 0x5, 0x82, 0x48, 0x4, 0x96,
    0x10, 0x0, 0x70, 0xe0, 0xe, 0x50, 0x22, 0x0,
    0x84, 0x66, 0x78, 0x0, 0xc2, 0x0, 0x23, 0x3f,
    0x0, 0x4, 0x2, 0xdf, 0xff, 0xca, 0x22, 0x7,
    0x0, 0xf2, 0x10, 0x1, 0x2, 0x40, 0x39, 0x2f,
    0x44, 0x20, 0xe, 0x40, 0x23, 0xa0, 0x61, 0x2,
    0xa0, 0x6f, 0xcd, 0xc1, 0x39, 0x0, 0x97, 0x58,
    0x8c, 0x8e, 0x30, 0x0,

    /* U+1EC2 "Ể" */
    0x0, 0xeb, 0xb6, 0x51, 0x0, 0x7f, 0x5c, 0x33,
    0xb0, 0x7, 0xe1, 0x8f, 0x67, 0x60, 0xf, 0x85,
    0xfb, 0x32, 0x51, 0x0, 0x87, 0xfd, 0xd3, 0x2f,
    0xf4, 0xc7, 0x7f, 0x94, 0x3, 0xff, 0x8b, 0x9d,
    0xdf, 0xca, 0x1, 0x8, 0xff, 0x80, 0x3f, 0xfc,
    0x42, 0x1, 0xff, 0xc1, 0xcf, 0xff, 0xd4, 0x1,
    0xff, 0xc6, 0xdf, 0xff, 0xd4, 0x1, 0xff, 0xf0,
    0x11, 0xff, 0x0, 0x6c, 0xee, 0xfe, 0xb0, 0xf,
    0xfe, 0x10,

    /* U+1EC3 "ể" */
    0x0, 0xd3, 0xfe, 0xd7, 0x0, 0xfd, 0x19, 0x63,
    0x8, 0x1, 0xf0, 0x9f, 0x1a, 0x28, 0x7, 0xf1,
    0xed, 0x88, 0x7, 0xed, 0x6c, 0x10, 0xf, 0xd2,
    0x42, 0x2d, 0x0, 0xf9, 0x58, 0x3c, 0xcd, 0x0,
    0x1e, 0xd6, 0xa1, 0xe6, 0x11, 0x0, 0x74, 0x4a,
    0x81, 0x4c, 0x84, 0x3, 0x8a, 0x77, 0xfa, 0xd0,
    0x3, 0x93, 0x58, 0x88, 0x69, 0x70, 0x1, 0x15,
    0x83, 0x7e, 0xea, 0xc5, 0xd4, 0x1, 0x60, 0x92,
    0x1, 0x25, 0x84, 0x0, 0x1c, 0x38, 0x3, 0x94,
    0x8, 0x80, 0x21, 0x19, 0x9e, 0x0, 0x30, 0x80,
    0x8, 0xcf, 0xc0, 0x1, 0x0, 0xb7, 0xff, 0xf2,
    0x88, 0x81, 0xc0, 0x3c, 0x84, 0x0, 0x40, 0x90,
    0xe, 0x4b, 0xd1, 0x8, 0x3, 0x90, 0x8, 0xe8,
    0x18, 0x40, 0xa8, 0x1b, 0xf3, 0x70, 0x4e, 0x40,
    0x25, 0xd6, 0x23, 0x23, 0x8c, 0x0, 0x0,

    /* U+1EC4 "Ễ" */
    0x0, 0x8b, 0x3f, 0x18, 0x5b, 0x80, 0x3d, 0x2b,
    0x97, 0x1d, 0x32, 0x0, 0xf4, 0xc2, 0xfb, 0x33,
    0x5c, 0x3, 0xc4, 0xe3, 0x31, 0xea, 0x20, 0x10,
    0xff, 0xd3, 0x1d, 0xf3, 0x1d, 0xfe, 0x50, 0xf,
    0xfe, 0x2e, 0x77, 0x7f, 0x28, 0x4, 0x23, 0xfe,
    0x0, 0xff, 0xf1, 0x8, 0x7, 0xff, 0x7, 0x3f,
    0xff, 0x50, 0x7, 0xff, 0x1b, 0x7f, 0xff, 0x50,
    0x7, 0xff, 0xc0, 0x47, 0xfc, 0x1, 0xb3, 0xbb,
    0xfa, 0xc0, 0x3f, 0xf8, 0x40,

    /* U+1EC5 "ễ" */
    0x0, 0x85, 0xe0, 0xc0, 0x12, 0x80, 0x1d, 0x90,
    0xf9, 0xba, 0x61, 0x0, 0xc6, 0x51, 0xd0, 0x4,
    0xaa, 0x0, 0xc7, 0xee, 0x2f, 0xbf, 0x40, 0x1f,
    0xb7, 0xf8, 0x40, 0x3f, 0x49, 0x8, 0xb4, 0x3,
    0xe5, 0x60, 0xf3, 0x34, 0x0, 0x7b, 0x5a, 0x87,
    0x98, 0x44, 0x1, 0xd1, 0x2a, 0x5, 0x32, 0x10,
    0xe, 0x29, 0xdf, 0xeb, 0x40, 0xe, 0x4d, 0x62,
    0x21, 0xa5, 0xc0, 0x4, 0x56, 0xd, 0xfb, 0xab,
    0x17, 0x50, 0x5, 0x82, 0x48, 0x4, 0x96, 0x10,
    0x0, 0x70, 0xe0, 0xe, 0x50, 0x22, 0x0, 0x84,
    0x66, 0x78, 0x0, 0xc2, 0x0, 0x23, 0x3f, 0x0,
    0x4, 0x2, 0xdf, 0xff, 0xca, 0x22, 0x7, 0x0,
    0xf2, 0x10, 0x1, 0x2, 0x40, 0x39, 0x2f, 0x44,
    0x20, 0xe, 0x40, 0x23, 0xa0, 0x61, 0x2, 0xa0,
    0x6f, 0xcd, 0xc1, 0x39, 0x0, 0x97, 0x58, 0x8c,
    0x8e, 0x30, 0x0,

    /* U+1EC6 "Ệ" */
    0x0, 0xe3, 0x88, 0x28, 0x7, 0xe1, 0x9c, 0xe,
    0xbb, 0x10, 0x4, 0x3f, 0xee, 0x60, 0x79, 0x14,
    0xdf, 0xf2, 0x80, 0x7f, 0xf1, 0x73, 0xbb, 0xf9,
    0x40, 0x21, 0x1f, 0xf0, 0x7, 0xff, 0x88, 0x40,
    0x3f, 0xf8, 0x39, 0xff, 0xfa, 0x80, 0x3f, 0xf8,
    0xdb, 0xff, 0xfa, 0x80, 0x3f, 0xfe, 0x2, 0x3f,
    0xe0, 0xd, 0x9d, 0xdf, 0xd6, 0x1, 0xff, 0xc2,
    0x1f, 0xff, 0xfe, 0x5, 0x80, 0x79, 0x9c, 0xc0,
    0x3f, 0xe8, 0x85, 0x80, 0x7f, 0xf1, 0xc0,

    /* U+1EC7 "ệ" */
    0x0, 0xed, 0xfe, 0x10, 0xf, 0xd2, 0x42, 0x2d,
    0x0, 0xf9, 0x58, 0x3c, 0xcd, 0x0, 0x1e, 0xd6,
    0xa1, 0xe6, 0x11, 0x0, 0x74, 0x4a, 0x81, 0x4c,
    0x84, 0x3, 0x8a, 0x77, 0xfa, 0xd0, 0x3, 0x93,
    0x58, 0x88, 0x69, 0x70, 0x1, 0x15, 0x83, 0x7e,
    0xea, 0xc5, 0xd4, 0x1, 0x60, 0x92, 0x1, 0x25,
    0x84, 0x0, 0x1c, 0x38, 0x3, 0x94, 0x8, 0x80,
    0x21, 0x19, 0x9e, 0x0, 0x30, 0x80, 0x8, 0xcf,
    0xc0, 0x1, 0x0, 0xb7, 0xff, 0xf2, 0x88, 0x81,
    0xc0, 0x3c, 0x84, 0x0, 0x40, 0x90, 0xe, 0x4b,
    0xd1, 0x8, 0x3, 0x90, 0x8, 0xe8, 0x18, 0x40,
    0xa8, 0x1b, 0xf3, 0x70, 0x4e, 0x40, 0x25, 0xd6,
    0x23, 0x23, 0x8c, 0x0, 0xe2, 0x9d, 0xff, 0x63,
    0x80, 0x7e, 0x6f, 0xf0, 0x7, 0xff, 0x2d, 0x62,
    0x0, 0x1c,

    /* U+1EC8 "Ỉ" */
    0xcf, 0xf6, 0x28, 0x76, 0x59, 0x51, 0x10, 0x60,
    0x18, 0x80, 0xd3, 0xa4, 0x1, 0xaf, 0x0, 0x1f,
    0xff, 0xf0, 0xf, 0xfe, 0x88,

    /* U+1EC9 "ỉ" */
    0x0, 0xf4, 0xff, 0xba, 0x2, 0x32, 0x89, 0xd4,
    0x4f, 0x8, 0x8e, 0x0, 0x2a, 0xd2, 0x0, 0x5a,
    0x0, 0x4d, 0xf6, 0x1, 0xff, 0xfe,

    /* U+1ECA "Ị" */
    0xcf, 0x80, 0xf, 0xff, 0x3e, 0x7c, 0x2b, 0xa4,
    0x43, 0x40, 0x20,

    /* U+1ECB "ị" */
    0x6f, 0xb0, 0x9, 0x63, 0x8d, 0xd4, 0x2, 0x6f,
    0xb0, 0xf, 0xfe, 0xc3, 0x7d, 0x9b, 0xb5, 0xc5,
    0x80, 0x40,

    /* U+1ECC "Ọ" */
    0x0, 0xc3, 0x19, 0xdf, 0xd6, 0xc0, 0x1f, 0x9f,
    0x9c, 0xc4, 0x5, 0x27, 0x8c, 0x3, 0xa2, 0x0,
    0x75, 0xdf, 0xb0, 0x22, 0xc4, 0x0, 0x95, 0xc2,
    0x31, 0x44, 0x9, 0xfc, 0xc2, 0x84, 0x1, 0x0,
    0xce, 0x1, 0xe1, 0xd1, 0x14, 0x2, 0x10, 0x40,
    0x7, 0xe1, 0x80, 0x60, 0xc0, 0x31, 0x0, 0xfe,
    0x70, 0x2, 0x18, 0x28, 0x7, 0xf8, 0x44, 0x6,
    0xe0, 0x20, 0x1f, 0xf1, 0x7, 0x80, 0x7f, 0xf1,
    0x5, 0xc0, 0x40, 0x3f, 0xe1, 0xe, 0x30, 0x50,
    0xf, 0xf0, 0x90, 0x15, 0x81, 0x88, 0x7, 0xf3,
    0x80, 0x10, 0xc8, 0x2c, 0x3, 0xfa, 0xc1, 0x44,
    0x24, 0x15, 0xc0, 0x3e, 0xb2, 0x8, 0x0, 0x24,
    0x4, 0x5a, 0x8, 0xb, 0x6a, 0x5, 0x10, 0x4,
    0xf4, 0x9, 0x7d, 0xfd, 0x24, 0x36, 0xa0, 0x1c,
    0xbd, 0x6, 0x0, 0x14, 0x9e, 0x40, 0xf, 0x85,
    0xf3, 0xfd, 0xd6, 0xc0, 0x1f, 0xfc, 0xf, 0xf3,
    0x80, 0x7f, 0xf4, 0xe6, 0x10, 0x3, 0xe0,

    /* U+1ECD "ọ" */
    0x0, 0x8a, 0xbb, 0xfa, 0xd0, 0x3, 0x9b, 0x54,
    0x4c, 0x12, 0xe4, 0x2, 0x39, 0x7, 0xfc, 0xea,
    0x6, 0x60, 0x2, 0x1, 0x60, 0x2, 0x59, 0x8,
    0x0, 0x20, 0x48, 0x7, 0x30, 0x9, 0x90, 0x0,
    0xc0, 0x3c, 0x60, 0xa0, 0x1f, 0xe7, 0x1, 0x0,
    0xff, 0x38, 0x9, 0x0, 0xc, 0x3, 0xc6, 0x4,
    0x8, 0x12, 0x1, 0xcc, 0x0, 0x40, 0x80, 0x58,
    0x0, 0x96, 0x42, 0x0, 0x7, 0x20, 0xfd, 0x9d,
    0x40, 0xce, 0x1, 0x36, 0xa8, 0x18, 0x25, 0xc8,
    0x7, 0x15, 0x77, 0xf5, 0xa0, 0x7, 0xea, 0xfc,
    0x0, 0xff, 0xe5, 0xf4, 0x48, 0x7, 0x0,

    /* U+1ECE "Ỏ" */
    0x0, 0xf6, 0x7f, 0xb1, 0x0, 0x3f, 0xf8, 0x1d,
    0x94, 0x56, 0x20, 0x1f, 0xf1, 0x13, 0xc4, 0xc4,
    0x3, 0xff, 0x80, 0x6d, 0xb8, 0x1, 0xfe, 0x18,
    0xcc, 0x1e, 0x5b, 0x0, 0x7e, 0x7e, 0x73, 0x10,
    0x14, 0x9e, 0x30, 0xe, 0x88, 0x1, 0xd7, 0x7e,
    0xc0, 0x8b, 0x10, 0x2, 0x57, 0x8, 0xc5, 0x10,
    0x27, 0xf3, 0xa, 0x10, 0x4, 0x3, 0x38, 0x7,
    0x87, 0x44, 0x50, 0x8, 0x41, 0x0, 0x1f, 0x86,
    0x1, 0x83, 0x0, 0xc4, 0x3, 0xf9, 0xc0, 0x8,
    0x60, 0xa0, 0x1f, 0xe1, 0x10, 0x1b, 0x80, 0x80,
    0x7f, 0xc4, 0x1e, 0x1, 0xff, 0xc4, 0x17, 0x1,
    0x0, 0xff, 0x84, 0x38, 0xc1, 0x40, 0x3f, 0xc2,
    0x40, 0x56, 0x6, 0x20, 0x1f, 0xce, 0x0, 0x43,
    0x20, 0xb0, 0xf, 0xeb, 0x5, 0x10, 0x90, 0x57,
    0x0, 0xfa, 0xc8, 0x20, 0x0, 0x90, 0x11, 0x68,
    0x20, 0x2d, 0xa8, 0x14, 0x40, 0x13, 0xd0, 0x25,
    0xf7, 0xf4, 0x90, 0xda, 0x80, 0x72, 0xf4, 0x18,
    0x0, 0x52, 0x79, 0x0, 0x20,

    /* U+1ECF "ỏ" */
    0x0, 0xff, 0xe2, 0xbf, 0xfb, 0xa0, 0x3, 0xf3,
    0x65, 0x13, 0xb0, 0x7, 0xc2, 0x68, 0xe0, 0x1f,
    0xf7, 0xab, 0xb0, 0x7, 0xf4, 0xec, 0x0, 0x7f,
    0x9c, 0xc0, 0x3f, 0x15, 0x77, 0xf5, 0xa0, 0x7,
    0x36, 0xa8, 0x98, 0x25, 0xc8, 0x4, 0x72, 0xf,
    0xf9, 0xd4, 0xc, 0xc0, 0x4, 0x2, 0xc0, 0x4,
    0xb2, 0x10, 0x0, 0x40, 0x90, 0xe, 0x60, 0x13,
    0x20, 0x1, 0x80, 0x78, 0xc1, 0x40, 0x3f, 0xce,
    0x2, 0x1, 0xfe, 0x70, 0x12, 0x0, 0x18, 0x7,
    0x8c, 0x8, 0x10, 0x24, 0x3, 0x98, 0x0, 0x81,
    0x0, 0xb0, 0x1, 0x2c, 0x84, 0x0, 0xe, 0x41,
    0xfb, 0x3a, 0x81, 0x9c, 0x2, 0x6d, 0x50, 0x30,
    0x4b, 0x90, 0x0,

    /* U+1ED0 "Ố" */
    0x0, 0xfd, 0x1f, 0x62, 0x1, 0xff, 0xc0, 0x46,
    0x9b, 0x10, 0xf, 0xf8, 0xf9, 0x3c, 0x80, 0x3f,
    0xe6, 0xfd, 0x80, 0xe4, 0x0, 0xfe, 0x1e, 0x9,
    0xd7, 0x71, 0x0, 0x7e, 0x7e, 0x73, 0x10, 0x14,
    0x9e, 0x30, 0xe, 0x88, 0x1, 0xd7, 0x7e, 0xc0,
    0x8b, 0x10, 0x2, 0x57, 0x8, 0xc5, 0x10, 0x27,
    0xf3, 0xa, 0x10, 0x4, 0x3, 0x38, 0x7, 0x87,
    0x44, 0x50, 0x8, 0x41, 0x0, 0x1f, 0x86, 0x1,
    0x83, 0x0, 0xc4, 0x3, 0xf9, 0xc0, 0x8, 0x60,
    0xa0, 0x1f, 0xe1, 0x10, 0x1b, 0x80, 0x80, 0x7f,
    0xc4, 0x1e, 0x1, 0xff, 0xc4, 0x17, 0x1, 0x0,
    0xff, 0x84, 0x38, 0xc1, 0x40, 0x3f, 0xc2, 0x40,
    0x56, 0x6, 0x20, 0x1f, 0xce, 0x0, 0x43, 0x20,
    0xb0, 0xf, 0xeb, 0x5, 0x10, 0x90, 0x57, 0x0,
    0xfa, 0xc8, 0x20, 0x0, 0x90, 0x11, 0x68, 0x20,
    0x2d, 0xa8, 0x14, 0x40, 0x13, 0xd0, 0x25, 0xf7,
    0xf4, 0x90, 0xda, 0x80, 0x72, 0xf4, 0x18, 0x0,
    0x52, 0x79, 0x0, 0x20,

    /* U+1ED1 "ố" */
    0x0, 0xf1, 0xff, 0x9c, 0x3, 0xfa, 0x41, 0x5c,
    0x3, 0xf1, 0x29, 0xd0, 0x7, 0xfa, 0xb4, 0x3,
    0xfd, 0xf5, 0xc4, 0x1, 0xfa, 0x48, 0x43, 0x80,
    0x3e, 0x46, 0xf, 0x33, 0x40, 0x7, 0xb1, 0xa8,
    0x79, 0x84, 0x40, 0x1d, 0x12, 0xa0, 0x53, 0x21,
    0x0, 0xe2, 0xae, 0xfe, 0xb4, 0x0, 0xe6, 0xd5,
    0x13, 0x4, 0xb9, 0x0, 0x8e, 0x41, 0xff, 0x3a,
    0x81, 0x98, 0x0, 0x80, 0x58, 0x0, 0x96, 0x42,
    0x0, 0x8, 0x12, 0x1, 0xcc, 0x2, 0x64, 0x0,
    0x30, 0xf, 0x18, 0x28, 0x7, 0xf9, 0xc0, 0x40,
    0x3f, 0xce, 0x2, 0x40, 0x3, 0x0, 0xf1, 0x81,
    0x2, 0x4, 0x80, 0x73, 0x0, 0x10, 0x20, 0x16,
    0x0, 0x25, 0x90, 0x80, 0x1, 0xc8, 0x3f, 0x67,
    0x50, 0x33, 0x80, 0x4d, 0xaa, 0x6, 0x9, 0x72,
    0x0,

    /* U+1ED2 "Ồ" */
    0x0, 0xe2, 0xcf, 0x60, 0xf, 0xfe, 0x9, 0x63,
    0xd9, 0x80, 0x7f, 0xf0, 0x4c, 0x9e, 0x88, 0x3,
    0xfe, 0x6f, 0xd8, 0xe, 0x40, 0xf, 0xe1, 0xe0,
    0x9d, 0x77, 0x10, 0x7, 0xe7, 0xe7, 0x31, 0x1,
    0x49, 0xe3, 0x0, 0xe8, 0x80, 0x1d, 0x77, 0xec,
    0x8, 0xb1, 0x0, 0x25, 0x70, 0x8c, 0x51, 0x2,
    0x7f, 0x30, 0xa1, 0x0, 0x40, 0x33, 0x80, 0x78,
    0x74, 0x45, 0x0, 0x84, 0x10, 0x1, 0xf8, 0x60,
    0x18, 0x30, 0xc, 0x40, 0x3f, 0x9c, 0x0, 0x86,
    0xa, 0x1, 0xfe, 0x11, 0x1, 0xb8, 0x8, 0x7,
    0xfc, 0x41, 0xe0, 0x1f, 0xfc, 0x41, 0x70, 0x10,
    0xf, 0xf8, 0x43, 0x8c, 0x14, 0x3, 0xfc, 0x24,
    0x5, 0x60, 0x62, 0x1, 0xfc, 0xe0, 0x4, 0x32,
    0xb, 0x0, 0xfe, 0xb0, 0x51, 0x9, 0x5, 0x70,
    0xf, 0xac, 0x82, 0x0, 0x9, 0x1, 0x16, 0x82,
    0x2, 0xda, 0x81, 0x44, 0x1, 0x3d, 0x2, 0x5f,
    0x7f, 0x49, 0xd, 0xa8, 0x7, 0x2f, 0x41, 0x80,
    0x5, 0x27, 0x90, 0x2,

    /* U+1ED3 "ồ" */
    0x0, 0x93, 0xfc, 0xa0, 0x1f, 0xc8, 0xe1, 0x0,
    0x1f, 0xe8, 0x42, 0x40, 0xf, 0xf5, 0xd3, 0x80,
    0x7f, 0xb6, 0xb0, 0x80, 0x3f, 0x49, 0x8, 0x70,
    0x7, 0xc8, 0xc1, 0xe6, 0x68, 0x0, 0xf6, 0x35,
    0xf, 0x30, 0x88, 0x3, 0xa2, 0x54, 0xa, 0x64,
    0x20, 0x1c, 0x55, 0xdf, 0xd6, 0x80, 0x1c, 0xda,
    0xa2, 0x60, 0x97, 0x20, 0x11, 0xc8, 0x3f, 0xe7,
    0x50, 0x33, 0x0, 0x10, 0xb, 0x0, 0x12, 0xc8,
    0x40, 0x1, 0x2, 0x40, 0x39, 0x80, 0x4c, 0x80,
    0x6, 0x1, 0xe3, 0x5, 0x0, 0xff, 0x38, 0x8,
    0x7, 0xf9, 0xc0, 0x48, 0x0, 0x60, 0x1e, 0x30,
    0x20, 0x40, 0x90, 0xe, 0x60, 0x2, 0x4, 0x2,
    0xc0, 0x4, 0xb2, 0x10, 0x0, 0x39, 0x7, 0xec,
    0xea, 0x6, 0x70, 0x9, 0xb5, 0x40, 0xc1, 0x2e,
    0x40, 0x0,

    /* U+1ED4 "Ổ" */
    0x0, 0xf3, 0xde, 0x5b, 0x0, 0x7f, 0xf0, 0x1e,
    0xe9, 0x70, 0x3, 0xff, 0x80, 0x75, 0xf, 0x0,
    0x1f, 0xf3, 0x46, 0x77, 0x25, 0x0, 0x3f, 0x87,
    0x9e, 0x3e, 0x40, 0x80, 0x3f, 0x3f, 0x39, 0x88,
    0xa, 0x4f, 0x18, 0x7, 0x44, 0x0, 0xeb, 0xbf,
    0x60, 0x45, 0x88, 0x1, 0x2b, 0x84, 0x62, 0x88,
    0x13, 0xf9, 0x85, 0x8, 0x2, 0x1, 0x9c, 0x3,
    0xc3, 0xa2, 0x28, 0x4, 0x20, 0x80, 0xf, 0xc3,
    0x0, 0xc1, 0x80, 0x62, 0x1, 0xfc, 0xe0, 0x4,
    0x30, 0x50, 0xf, 0xf0, 0x88, 0xd, 0xc0, 0x40,
    0x3f, 0xe2, 0xf, 0x0, 0xff, 0xe2, 0xb, 0x80,
    0x80, 0x7f, 0xc2, 0x1c, 0x60, 0xa0, 0x1f, 0xe1,
    0x20, 0x2b, 0x3, 0x10, 0xf, 0xe7, 0x0, 0x21,
    0x90, 0x58, 0x7, 0xf5, 0x82, 0x88, 0x48, 0x2b,
    0x80, 0x7d, 0x64, 0x10, 0x0, 0x48, 0x8, 0xb4,
    0x10, 0x16, 0xd4, 0xa, 0x20, 0x9, 0xe8, 0x12,
    0xfb, 0xfa, 0x48, 0x6d, 0x40, 0x39, 0x7a, 0xc,
    0x0, 0x29, 0x3c, 0x80, 0x10,

    /* U+1ED5 "ổ" */
    0x0, 0xd3, 0xfe, 0xd7, 0x0, 0xfd, 0x19, 0x63,
    0x8, 0x1, 0xf0, 0x9f, 0x1a, 0x28, 0x7, 0xf1,
    0xed, 0x88, 0x7, 0xed, 0x6d, 0x20, 0xf, 0xd2,
    0x42, 0x1c, 0x1, 0xf2, 0x30, 0x79, 0x9a, 0x0,
    0x3d, 0x8d, 0x43, 0xcc, 0x22, 0x0, 0xe8, 0x95,
    0x2, 0x99, 0x8, 0x7, 0x15, 0x77, 0xf5, 0xa0,
    0x7, 0x36, 0xa8, 0x98, 0x25, 0xc8, 0x4, 0x72,
    0xf, 0xf9, 0xd4, 0xc, 0xc0, 0x4, 0x2, 0xc0,
    0x4, 0xb2, 0x10, 0x0, 0x40, 0x90, 0xe, 0x60,
    0x13, 0x20, 0x1, 0x80, 0x78, 0xc1, 0x40, 0x3f,
    0xce, 0x2, 0x1, 0xfe, 0x70, 0x12, 0x0, 0x18,
    0x7, 0x8c, 0x8, 0x10, 0x24, 0x3, 0x98, 0x0,
    0x81, 0x0, 0xb0, 0x1, 0x2c, 0x84, 0x0, 0xe,
    0x41, 0xfb, 0x3a, 0x81, 0x9c, 0x2, 0x6d, 0x50,
    0x30, 0x4b, 0x90, 0x0,

    /* U+1ED6 "Ỗ" */
    0x0, 0xe8, 0xee, 0x41, 0xf, 0x28, 0x7, 0xe4,
    0x6d, 0xb3, 0xde, 0x25, 0x0, 0xfc, 0xb8, 0x3a,
    0x6d, 0x98, 0x0, 0xfe, 0x17, 0x9e, 0x9e, 0x84,
    0x0, 0xfe, 0x1d, 0x78, 0xe9, 0x2, 0x0, 0xfc,
    0xfc, 0xe6, 0x20, 0x29, 0x3c, 0x60, 0x1d, 0x10,
    0x3, 0xae, 0xfd, 0x81, 0x16, 0x20, 0x4, 0xae,
    0x11, 0x8a, 0x20, 0x4f, 0xe6, 0x14, 0x20, 0x8,
    0x6, 0x70, 0xf, 0xe, 0x88, 0xa0, 0x10, 0x82,
    0x0, 0x3f, 0xc, 0x3, 0x6, 0x1, 0x88, 0x7,
    0xf3, 0x80, 0x10, 0xc1, 0x40, 0x3f, 0xc2, 0x20,
    0x37, 0x1, 0x0, 0xff, 0x88, 0x3c, 0x3, 0xff,
    0x88, 0x2e, 0x2, 0x1, 0xff, 0x8, 0x71, 0x82,
    0x80, 0x7f, 0x84, 0x80, 0xac, 0xc, 0x40, 0x3f,
    0x9c, 0x0, 0x86, 0x41, 0x60, 0x1f, 0xd6, 0xa,
    0x21, 0x20, 0xae, 0x1, 0xf5, 0x90, 0x40, 0x1,
    0x20, 0x22, 0xd0, 0x40, 0x5b, 0x50, 0x28, 0x80,
    0x27, 0xa0, 0x4b, 0xef, 0xe9, 0x21, 0xb5, 0x0,
    0xe5, 0xe8, 0x30, 0x0, 0xa4, 0xf2, 0x0, 0x40,

    /* U+1ED7 "ỗ" */
    0x0, 0x85, 0xe0, 0xc0, 0x12, 0x80, 0x1d, 0x90,
    0xf9, 0xba, 0x61, 0x0, 0xc6, 0x51, 0xd0, 0x4,
    0xaa, 0x0, 0xc7, 0xee, 0x2f, 0xbf, 0x40, 0x1f,
    0xb7, 0xfc, 0x40, 0x1f, 0xa4, 0x84, 0x38, 0x3,
    0xe4, 0x60, 0xf3, 0x34, 0x0, 0x7b, 0x1a, 0x87,
    0x98, 0x44, 0x1, 0xd1, 0x2a, 0x5, 0x32, 0x10,
    0xe, 0x2a, 0xef, 0xeb, 0x40, 0xe, 0x6d, 0x51,
    0x30, 0x4b, 0x90, 0x8, 0xe4, 0x1f, 0xf3, 0xa8,
    0x19, 0x80, 0x8, 0x5, 0x80, 0x9, 0x64, 0x20,
    0x0, 0x81, 0x20, 0x1c, 0xc0, 0x26, 0x40, 0x3,
    0x0, 0xf1, 0x82, 0x80, 0x7f, 0x9c, 0x4, 0x3,
    0xfc, 0xe0, 0x24, 0x0, 0x30, 0xf, 0x18, 0x10,
    0x20, 0x48, 0x7, 0x30, 0x1, 0x2, 0x1, 0x60,
    0x2, 0x59, 0x8, 0x0, 0x1c, 0x83, 0xf6, 0x75,
    0x3, 0x38, 0x4, 0xda, 0xa0, 0x60, 0x97, 0x20,
    0x0,

    /* U+1ED8 "Ộ" */
    0x0, 0xf4, 0x7e, 0xfb, 0x0, 0x7f, 0xcb, 0xfb,
    0xab, 0xe4, 0x0, 0xfe, 0x1d, 0xbc, 0xfa, 0x32,
    0x0, 0xfc, 0xfc, 0xe6, 0x20, 0x29, 0x3c, 0x60,
    0x1d, 0x10, 0x3, 0xae, 0xfd, 0x81, 0x16, 0x20,
    0x4, 0xae, 0x11, 0x8a, 0x20, 0x4f, 0xe6, 0x14,
    0x20, 0x8, 0x6, 0x70, 0xf, 0xe, 0x88, 0xa0,
    0x10, 0x82, 0x0, 0x3f, 0xc, 0x3, 0x6, 0x1,
    0x88, 0x7, 0xf3, 0x80, 0x10, 0xc1, 0x40, 0x3f,
    0xc2, 0x20, 0x37, 0x1, 0x0, 0xff, 0x88, 0x3c,
    0x3, 0xff, 0x88, 0x2e, 0x2, 0x1, 0xff, 0x8,
    0x71, 0x82, 0x80, 0x7f, 0x84, 0x80, 0xac, 0xc,
    0x40, 0x3f, 0x9c, 0x0, 0x86, 0x41, 0x60, 0x1f,
    0xd6, 0xa, 0x21, 0x20, 0xae, 0x1, 0xf5, 0x90,
    0x40, 0x1, 0x20, 0x22, 0xd0, 0x40, 0x5b, 0x50,
    0x28, 0x80, 0x27, 0xa0, 0x4b, 0xef, 0xe9, 0x21,
    0xb5, 0x0, 0xe5, 0xe8, 0x30, 0x0, 0xa4, 0xf2,
    0x0, 0x7c, 0x2f, 0x9f, 0xee, 0xb6, 0x0, 0xff,
    0xe0, 0x7f, 0x9c, 0x3, 0xff, 0xa7, 0x30, 0x80,
    0x1f, 0x0,

    /* U+1ED9 "ộ" */
    0x0, 0xed, 0xff, 0x10, 0x7, 0xe9, 0x21, 0xe,
    0x0, 0xf9, 0x18, 0x3c, 0xcd, 0x0, 0x1e, 0xc6,
    0xa1, 0xe6, 0x11, 0x0, 0x74, 0x4a, 0x81, 0x4c,
    0x84, 0x3, 0x8a, 0xbb, 0xfa, 0xd0, 0x3, 0x9b,
    0x54, 0x4c, 0x12, 0xe4, 0x2, 0x39, 0x7, 0xfc,
    0xea, 0x6, 0x60, 0x2, 0x1, 0x60, 0x2, 0x59,
    0x8, 0x0, 0x20, 0x48, 0x7, 0x30, 0x9, 0x90,
    0x0, 0xc0, 0x3c, 0x60, 0xa0, 0x1f, 0xe7, 0x1,
    0x0, 0xff, 0x38, 0x9, 0x0, 0xc, 0x3, 0xc6,
    0x4, 0x8, 0x12, 0x1, 0xcc, 0x0, 0x40, 0x80,
    0x58, 0x0, 0x96, 0x42, 0x0, 0x7, 0x20, 0xfd,
    0x9d, 0x40, 0xce, 0x1, 0x36, 0xa8, 0x18, 0x25,
    0xc8, 0x7, 0x15, 0x77, 0xf5, 0xa0, 0x7, 0xea,
    0xfc, 0x0, 0xff, 0xe5, 0xf4, 0x48, 0x7, 0x0,

    /* U+1EDA "Ớ" */
    0x0, 0xfc, 0x6a, 0xa0, 0xf, 0xfe, 0x2e, 0xd6,
    0x0, 0x7f, 0xf1, 0x14, 0x4e, 0x40, 0x3f, 0xf8,
    0x90, 0x3c, 0x1, 0xff, 0xc5, 0xde, 0x20, 0xf,
    0xfe, 0x10, 0xc6, 0x77, 0xf5, 0xb0, 0x6, 0x4f,
    0xf0, 0x6, 0x7e, 0x73, 0x11, 0x92, 0x74, 0xc0,
    0x3f, 0x44, 0x1, 0xb7, 0xfb, 0xe8, 0xcb, 0x10,
    0x19, 0x80, 0x12, 0xb8, 0x54, 0x90, 0x4, 0xb8,
    0xa1, 0x64, 0x4d, 0x20, 0x4, 0x3, 0x28, 0x7,
    0xd4, 0x41, 0x3, 0x36, 0x8, 0x41, 0x60, 0x1f,
    0xd0, 0xb, 0xf6, 0xc1, 0x80, 0x44, 0x0, 0xfe,
    0x40, 0x4, 0x30, 0x0, 0xc1, 0x0, 0x3f, 0xc2,
    0x20, 0x10, 0x9, 0xc0, 0x40, 0x3f, 0xe2, 0xe,
    0x0, 0xff, 0xe5, 0xb8, 0x8, 0x7, 0xfc, 0x21,
    0xc0, 0x11, 0x82, 0x80, 0x7f, 0x84, 0x80, 0x80,
    0x2b, 0x3, 0x20, 0xf, 0xe7, 0x0, 0x28, 0x4,
    0x64, 0x10, 0x1, 0xfd, 0x0, 0xa0, 0x1d, 0x20,
    0xb0, 0x1, 0xf5, 0x88, 0x58, 0x7, 0x23, 0x83,
    0xda, 0x8, 0xb, 0x6a, 0x5, 0x8, 0x7, 0xa2,
    0x41, 0x2f, 0xbf, 0xa4, 0x86, 0xd4, 0x3, 0xf3,
    0x73, 0x98, 0x0, 0x52, 0x79, 0x0, 0x3c,

    /* U+1EDB "ớ" */
    0x0, 0xf1, 0xff, 0x98, 0x3, 0xfe, 0x90, 0x56,
    0x0, 0xff, 0x12, 0x95, 0x0, 0x7f, 0xf0, 0x2b,
    0x0, 0x3f, 0xf8, 0x4, 0xa2, 0x1, 0xfe, 0x2a,
    0xef, 0xeb, 0x40, 0x2, 0x7f, 0x80, 0xd, 0xaa,
    0x24, 0x9, 0x72, 0x1, 0xc7, 0x20, 0xff, 0xbd,
    0x40, 0xcd, 0x80, 0x10, 0xb, 0x0, 0x12, 0xc0,
    0x41, 0x69, 0x82, 0x7, 0x0, 0x73, 0x80, 0xac,
    0xc1, 0x0, 0x10, 0x3, 0xc6, 0x17, 0x28, 0x1,
    0xfe, 0x70, 0x84, 0x0, 0xff, 0x9c, 0xc, 0x0,
    0x40, 0x3, 0x0, 0xf1, 0x83, 0x0, 0x4a, 0x12,
    0x1, 0xcc, 0x2, 0x60, 0x14, 0x82, 0xc0, 0x4,
    0xb2, 0x10, 0x1, 0x8e, 0x41, 0xfb, 0x3a, 0x81,
    0x98, 0x1, 0xcd, 0x8a, 0x6, 0x9, 0x72, 0x1,
    0x80,

    /* U+1EDC "Ờ" */
    0x0, 0xe3, 0x55, 0x8, 0x7, 0xff, 0x10, 0xae,
    0xa4, 0x3, 0xff, 0x88, 0x3a, 0xe, 0x20, 0x1f,
    0xfc, 0x43, 0xa0, 0x60, 0xf, 0xfe, 0x2a, 0xfb,
    0x80, 0x7f, 0xf0, 0x86, 0x33, 0xbf, 0xad, 0x80,
    0x32, 0x7f, 0x80, 0x33, 0xf3, 0x98, 0x8c, 0x93,
    0xa6, 0x1, 0xfa, 0x20, 0xd, 0xbf, 0xdf, 0x46,
    0x58, 0x80, 0xcc, 0x0, 0x95, 0xc2, 0xa4, 0x80,
    0x25, 0xc5, 0xb, 0x22, 0x69, 0x0, 0x20, 0x19,
    0x40, 0x3e, 0xa2, 0x8, 0x19, 0xb0, 0x42, 0xb,
    0x0, 0xfe, 0x80, 0x5f, 0xb6, 0xc, 0x2, 0x20,
    0x7, 0xf2, 0x0, 0x21, 0x80, 0x6, 0x8, 0x1,
    0xfe, 0x11, 0x0, 0x80, 0x4e, 0x2, 0x1, 0xff,
    0x10, 0x70, 0x7, 0xff, 0x2d, 0xc0, 0x40, 0x3f,
    0xe1, 0xe, 0x0, 0x8c, 0x14, 0x3, 0xfc, 0x24,
    0x4, 0x1, 0x58, 0x19, 0x0, 0x7f, 0x38, 0x1,
    0x40, 0x23, 0x20, 0x80, 0xf, 0xe8, 0x5, 0x0,
    0xe9, 0x5, 0x80, 0xf, 0xac, 0x42, 0xc0, 0x39,
    0x1c, 0x1e, 0xd0, 0x40, 0x5b, 0x50, 0x28, 0x40,
    0x3d, 0x12, 0x9, 0x7d, 0xfd, 0x24, 0x36, 0xa0,
    0x1f, 0x9b, 0x9c, 0xc0, 0x2, 0x93, 0xc8, 0x1,
    0xe0,

    /* U+1EDD "ờ" */
    0x0, 0x87, 0xbe, 0xc0, 0x3f, 0xe1, 0xd0, 0x42,
    0x0, 0xff, 0x8e, 0x82, 0x0, 0x3f, 0xf8, 0xb,
    0x7e, 0x1, 0xff, 0xc1, 0x45, 0x0, 0xff, 0x15,
    0x77, 0xf5, 0xa0, 0x1, 0x3f, 0xc0, 0x6, 0xd5,
    0x12, 0x4, 0xb9, 0x0, 0xe3, 0x90, 0x7f, 0xde,
    0xa0, 0x66, 0xc0, 0x8, 0x5, 0x80, 0x9, 0x60,
    0x20, 0xb4, 0xc1, 0x3, 0x80, 0x39, 0xc0, 0x56,
    0x60, 0x80, 0x8, 0x1, 0xe3, 0xb, 0x94, 0x0,
    0xff, 0x38, 0x42, 0x0, 0x7f, 0xce, 0x6, 0x0,
    0x20, 0x1, 0x80, 0x78, 0xc1, 0x80, 0x25, 0x9,
    0x0, 0xe6, 0x1, 0x30, 0xa, 0x41, 0x60, 0x2,
    0x59, 0x8, 0x0, 0xc7, 0x20, 0xfd, 0x9d, 0x40,
    0xcc, 0x0, 0xe6, 0xc5, 0x3, 0x4, 0xb9, 0x0,
    0xc0,

    /* U+1EDE "Ở" */
    0x0, 0xf6, 0x7f, 0x59, 0x80, 0x7f, 0xf0, 0xfb,
    0x2d, 0x70, 0x40, 0x3f, 0xf8, 0x44, 0x43, 0x0,
    0xff, 0xe3, 0x14, 0xcb, 0x44, 0x3, 0xff, 0x86,
    0x76, 0xe4, 0x1, 0xff, 0xc1, 0x18, 0xce, 0xbe,
    0xb6, 0x0, 0xc9, 0xfe, 0x0, 0xcf, 0xce, 0x62,
    0x32, 0x4e, 0x98, 0x7, 0xe8, 0x80, 0x36, 0xff,
    0x7d, 0x19, 0x62, 0x3, 0x30, 0x2, 0x57, 0xa,
    0x92, 0x0, 0x97, 0x14, 0x2c, 0x89, 0xa4, 0x0,
    0x80, 0x65, 0x0, 0xfa, 0x88, 0x20, 0x66, 0xc1,
    0x8, 0x2c, 0x3, 0xfa, 0x1, 0x7e, 0xd8, 0x30,
    0x8, 0x80, 0x1f, 0xc8, 0x0, 0x86, 0x0, 0x18,
    0x20, 0x7, 0xf8, 0x44, 0x2, 0x1, 0x38, 0x8,
    0x7, 0xfc, 0x41, 0xc0, 0x1f, 0xfc, 0xb7, 0x1,
    0x0, 0xff, 0x84, 0x38, 0x2, 0x30, 0x50, 0xf,
    0xf0, 0x90, 0x10, 0x5, 0x60, 0x64, 0x1, 0xfc,
    0xe0, 0x5, 0x0, 0x8c, 0x82, 0x0, 0x3f, 0xa0,
    0x14, 0x3, 0xa4, 0x16, 0x0, 0x3e, 0xb1, 0xb,
    0x0, 0xe4, 0x70, 0x7b, 0x41, 0x1, 0x6d, 0x40,
    0xa1, 0x0, 0xf4, 0x48, 0x25, 0xf7, 0xf4, 0x90,
    0xda, 0x80, 0x7e, 0x6e, 0x73, 0x0, 0xa, 0x4f,
    0x20, 0x7, 0x80,

    /* U+1EDF "ở" */
    0x0, 0xff, 0xe3, 0xbf, 0xfb, 0xa0, 0x3, 0xfc,
    0xd9, 0x44, 0xec, 0x1, 0xfc, 0x26, 0x8c, 0x1,
    0xff, 0xc1, 0xf4, 0x76, 0x0, 0xff, 0x9b, 0x60,
    0x3, 0xff, 0x81, 0x6, 0x1, 0xfe, 0x2a, 0xef,
    0xeb, 0x40, 0x2, 0x7f, 0x80, 0xd, 0xaa, 0x24,
    0x9, 0x72, 0x1, 0xc7, 0x20, 0xff, 0xbd, 0x40,
    0xcd, 0x80, 0x10, 0xb, 0x0, 0x12, 0xc0, 0x41,
    0x69, 0x82, 0x7, 0x0, 0x73, 0x80, 0xac, 0xc1,
    0x0, 0x10, 0x3, 0xc6, 0x17, 0x28, 0x1, 0xfe,
    0x70, 0x84, 0x0, 0xff, 0x9c, 0xc, 0x0, 0x40,
    0x3, 0x0, 0xf1, 0x83, 0x0, 0x4a, 0x12, 0x1,
    0xcc, 0x2, 0x60, 0x14, 0x82, 0xc0, 0x4, 0xb2,
    0x10, 0x1, 0x8e, 0x41, 0xfb, 0x3a, 0x81, 0x98,
    0x1, 0xcd, 0x8a, 0x6, 0x9, 0x72, 0x1, 0x80,

    /* U+1EE0 "Ỡ" */
    0x0, 0xe2, 0x87, 0x20, 0x29, 0x20, 0xf, 0xf8,
    0xb5, 0xe3, 0x73, 0xc, 0x60, 0x1f, 0xf2, 0x85,
    0xeb, 0x10, 0x48, 0x80, 0x7f, 0xcf, 0xe8, 0x53,
    0xdc, 0x60, 0xf, 0xfe, 0x0, 0xc6, 0x77, 0xf5,
    0xb0, 0x6, 0x4f, 0xf0, 0x6, 0x7e, 0x73, 0x11,
    0x92, 0x74, 0xc0, 0x3f, 0x44, 0x1, 0xb7, 0xfb,
    0xe8, 0xcb, 0x10, 0x19, 0x80, 0x12, 0xb8, 0x54,
    0x90, 0x4, 0xb8, 0xa1, 0x64, 0x4d, 0x20, 0x4,
    0x3, 0x28, 0x7, 0xd4, 0x41, 0x3, 0x36, 0x8,
    0x41, 0x60, 0x1f, 0xd0, 0xb, 0xf6, 0xc1, 0x80,
    0x44, 0x0, 0xfe, 0x40, 0x4, 0x30, 0x0, 0xc1,
    0x0, 0x3f, 0xc2, 0x20, 0x10, 0x9, 0xc0, 0x40,
    0x3f, 0xe2, 0xe, 0x0, 0xff, 0xe5, 0xb8, 0x8,
    0x7, 0xfc, 0x21, 0xc0, 0x11, 0x82, 0x80, 0x7f,
    0x84, 0x80, 0x80, 0x2b, 0x3, 0x20, 0xf, 0xe7,
    0x0, 0x28, 0x4, 0x64, 0x10, 0x1, 0xfd, 0x0,
    0xa0, 0x1d, 0x20, 0xb0, 0x1, 0xf5, 0x88, 0x58,
    0x7, 0x23, 0x83, 0xda, 0x8, 0xb, 0x6a, 0x5,
    0x8, 0x7, 0xa2, 0x41, 0x2f, 0xbf, 0xa4, 0x86,
    0xd4, 0x3, 0xf3, 0x73, 0x98, 0x0, 0x52, 0x79,
    0x0, 0x3c,

    /* U+1EE1 "ỡ" */
    0x0, 0x93, 0x79, 0xc0, 0x7d, 0xc0, 0x3e, 0xa3,
    0x58, 0xec, 0x4, 0x0, 0xf1, 0x8d, 0xdc, 0x46,
    0xe6, 0x1, 0xe3, 0xf5, 0x4, 0xce, 0x80, 0xf,
    0xfe, 0x59, 0x57, 0x7f, 0x5a, 0x0, 0x13, 0xfc,
    0x0, 0x6d, 0x51, 0x20, 0x4b, 0x90, 0xe, 0x39,
    0x7, 0xfd, 0xea, 0x6, 0x6c, 0x0, 0x80, 0x58,
    0x0, 0x96, 0x2, 0xb, 0x4c, 0x10, 0x38, 0x3,
    0x9c, 0x5, 0x66, 0x8, 0x0, 0x80, 0x1e, 0x30,
    0xb9, 0x40, 0xf, 0xf3, 0x84, 0x20, 0x7, 0xfc,
    0xe0, 0x60, 0x2, 0x0, 0x18, 0x7, 0x8c, 0x18,
    0x2, 0x50, 0x90, 0xe, 0x60, 0x13, 0x0, 0xa4,
    0x16, 0x0, 0x25, 0x90, 0x80, 0xc, 0x72, 0xf,
    0xd9, 0xd4, 0xc, 0xc0, 0xe, 0x6c, 0x50, 0x30,
    0x4b, 0x90, 0xc,

    /* U+1EE2 "Ợ" */
    0x0, 0xc3, 0x19, 0xdf, 0xd6, 0xc0, 0x19, 0x3f,
    0xc0, 0x19, 0xf9, 0xcc, 0x46, 0x49, 0xd3, 0x0,
    0xfd, 0x10, 0x6, 0xdf, 0xef, 0xa3, 0x2c, 0x40,
    0x66, 0x0, 0x4a, 0xe1, 0x52, 0x40, 0x12, 0xe2,
    0x85, 0x91, 0x34, 0x80, 0x10, 0xc, 0xa0, 0x1f,
    0x51, 0x4, 0xc, 0xd8, 0x21, 0x5, 0x80, 0x7f,
    0x40, 0x2f, 0xdb, 0x6, 0x1, 0x10, 0x3, 0xf9,
    0x0, 0x10, 0xc0, 0x3, 0x4, 0x0, 0xff, 0x8,
    0x80, 0x40, 0x27, 0x1, 0x0, 0xff, 0x88, 0x38,
    0x3, 0xff, 0x96, 0xe0, 0x20, 0x1f, 0xf0, 0x87,
    0x0, 0x46, 0xa, 0x1, 0xfe, 0x12, 0x2, 0x0,
    0xac, 0xc, 0x80, 0x3f, 0x9c, 0x0, 0xa0, 0x11,
    0x90, 0x40, 0x7, 0xf4, 0x2, 0x80, 0x74, 0x82,
    0xc0, 0x7, 0xd6, 0x21, 0x60, 0x1c, 0x8e, 0xf,
    0x68, 0x20, 0x2d, 0xa8, 0x14, 0x20, 0x1e, 0x89,
    0x4, 0xbe, 0xfe, 0x92, 0x1b, 0x50, 0xf, 0xcd,
    0xce, 0x60, 0x1, 0x49, 0xe4, 0x0, 0xff, 0xc,
    0x67, 0xfb, 0xad, 0x80, 0x3f, 0xf8, 0x7f, 0xe7,
    0x0, 0xff, 0xec, 0xcc, 0x20, 0x7, 0xf8,

    /* U+1EE3 "ợ" */
    0x0, 0x8a, 0xbb, 0xfa, 0xd0, 0x0, 0x9f, 0xe0,
    0x3, 0x6a, 0x89, 0x2, 0x5c, 0x80, 0x71, 0xc8,
    0x3f, 0xef, 0x50, 0x33, 0x60, 0x4, 0x2, 0xc0,
    0x4, 0xb0, 0x10, 0x5a, 0x60, 0x81, 0xc0, 0x1c,
    0xe0, 0x2b, 0x30, 0x40, 0x4, 0x0, 0xf1, 0x85,
    0xca, 0x0, 0x7f, 0x9c, 0x21, 0x0, 0x3f, 0xe7,
    0x3, 0x0, 0x10, 0x0, 0xc0, 0x3c, 0x60, 0xc0,
    0x12, 0x84, 0x80, 0x73, 0x0, 0x98, 0x5, 0x20,
    0xb0, 0x1, 0x2c, 0x84, 0x0, 0x63, 0x90, 0x7e,
    0xce, 0xa0, 0x66, 0x0, 0x73, 0x62, 0x81, 0x82,
    0x5c, 0x80, 0x7c, 0x75, 0xdf, 0xd6, 0x80, 0x1f,
    0xea, 0xfc, 0x0, 0xff, 0xe7, 0xf4, 0x48, 0x7,
    0xc0,

    /* U+1EE4 "Ụ" */
    0x1f, 0xf1, 0x0, 0x7e, 0xef, 0x60, 0xf, 0xff,
    0xf8, 0x7, 0xff, 0xfc, 0x2, 0x10, 0xf, 0xf1,
    0x88, 0x1, 0xc0, 0x3f, 0x8, 0x8, 0x18, 0x60,
    0x7, 0xc8, 0x0, 0x50, 0xb0, 0x72, 0x0, 0xf4,
    0x1, 0x88, 0x38, 0x86, 0xb9, 0x89, 0x2e, 0x18,
    0x78, 0x5, 0xa2, 0x11, 0x9d, 0xb4, 0x61, 0x46,
    0x1, 0x1f, 0xc9, 0x88, 0x9, 0xbf, 0x28, 0x7,
    0xb, 0x67, 0x7f, 0x64, 0x8, 0x7, 0xf5, 0x7d,
    0x80, 0x7f, 0xf3, 0xfa, 0x38, 0x3, 0xc0,

    /* U+1EE5 "ụ" */
    0x7f, 0xa0, 0xe, 0x7f, 0xa0, 0xf, 0xff, 0xf7,
    0x80, 0x7f, 0x88, 0x0, 0x20, 0xe0, 0x1c, 0x80,
    0x4, 0x2, 0x70, 0x1, 0x58, 0x80, 0x9, 0x42,
    0x3f, 0xb5, 0x20, 0x2, 0xa9, 0x20, 0x2, 0xe9,
    0x80, 0x66, 0xdf, 0xea, 0x24, 0xfa, 0x0, 0xdf,
    0xe6, 0x0, 0xff, 0xe3, 0xc4, 0x10, 0x3, 0x0,

    /* U+1EE6 "Ủ" */
    0x0, 0xeb, 0xff, 0x63, 0x0, 0x7f, 0xa7, 0x2c,
    0x64, 0x80, 0x3f, 0x88, 0x9e, 0x6c, 0x40, 0x1f,
    0xf1, 0xfc, 0x80, 0x70, 0xff, 0x88, 0x0, 0x30,
    0x20, 0x17, 0x7b, 0x0, 0x7f, 0xff, 0xc0, 0x3f,
    0xff, 0xe0, 0x10, 0x80, 0x7f, 0x8c, 0x40, 0xe,
    0x1, 0xf8, 0x40, 0x40, 0xc3, 0x0, 0x3e, 0x40,
    0x2, 0x85, 0x83, 0x90, 0x7, 0xa0, 0xc, 0x41,
    0xc4, 0x35, 0xcc, 0x49, 0x70, 0xc3, 0xc0, 0x2d,
    0x10, 0x8c, 0xed, 0xa3, 0xa, 0x30, 0x8, 0xfe,
    0x4c, 0x40, 0x4d, 0xf9, 0x40, 0x0,

    /* U+1EE7 "ủ" */
    0x0, 0xff, 0xe1, 0x57, 0xfb, 0x58, 0x3, 0xd1,
    0x94, 0x12, 0x60, 0x1c, 0x46, 0x20, 0x1f, 0xc3,
    0x6d, 0x66, 0x1, 0xe1, 0xaa, 0x20, 0x7, 0xe5,
    0x10, 0xc, 0xff, 0x40, 0x1c, 0xff, 0x40, 0x1f,
    0xff, 0xef, 0x0, 0xff, 0x10, 0x0, 0x41, 0xc0,
    0x39, 0x0, 0x8, 0x4, 0xe0, 0x2, 0xb1, 0x0,
    0x12, 0x84, 0x7f, 0x6a, 0x40, 0x5, 0x52, 0x40,
    0x5, 0xd3, 0x0, 0x0,

    /* U+1EE8 "Ứ" */
    0x0, 0xf8, 0x55, 0x44, 0x1, 0xff, 0xc3, 0xba,
    0x82, 0x0, 0xff, 0xe1, 0xa, 0x87, 0x80, 0x7f,
    0xf0, 0xe0, 0x28, 0x80, 0x3f, 0xf8, 0x73, 0xea,
    0x1, 0xfe, 0x1f, 0xf1, 0x0, 0x7e, 0xef, 0x60,
    0xbf, 0x80, 0xf, 0xfe, 0xbf, 0x10, 0x7, 0xff,
    0x15, 0x5b, 0x80, 0x3f, 0xf8, 0x82, 0x88, 0x0,
    0xff, 0xe1, 0xa, 0xe4, 0x10, 0x7, 0xff, 0xa,
    0xbe, 0x5c, 0x3, 0xff, 0x87, 0x74, 0x80, 0x1f,
    0xff, 0x21, 0x0, 0xff, 0x18, 0x6, 0x10, 0x3,
    0x80, 0x7c, 0x22, 0x1, 0x0, 0xe3, 0xc, 0x0,
    0xf9, 0x40, 0xa, 0x1, 0xd6, 0xe, 0x40, 0x1e,
    0x80, 0x31, 0x0, 0xe7, 0x10, 0xd7, 0x31, 0x25,
    0xc3, 0xf, 0x0, 0xfb, 0x44, 0x23, 0x3b, 0x68,
    0xc2, 0xcc, 0x3, 0xe3, 0xf9, 0x31, 0x1, 0x37,
    0xe4, 0x0, 0xf0,

    /* U+1EE9 "ứ" */
    0x0, 0xe5, 0xff, 0x20, 0x7, 0xfd, 0x1, 0x8,
    0x1, 0xfe, 0x42, 0x47, 0x0, 0xff, 0x9e, 0xa8,
    0x1, 0xff, 0xc0, 0x35, 0x10, 0xf, 0xcf, 0xf4,
    0x1, 0xcf, 0xf4, 0x1d, 0xea, 0x1, 0xff, 0xcf,
    0x91, 0x0, 0xff, 0xe0, 0xb8, 0x30, 0x7, 0xff,
    0x1, 0x0, 0xc0, 0x3f, 0xc2, 0xf5, 0xa0, 0x1f,
    0xf2, 0xfe, 0x18, 0x7, 0xf7, 0x82, 0x41, 0x0,
    0x7f, 0x88, 0x3, 0xc2, 0xe, 0x1, 0xc8, 0x1,
    0xe4, 0x2, 0x70, 0x1, 0x58, 0x80, 0x78, 0x98,
    0x23, 0xb9, 0xa9, 0x0, 0x1f, 0x4c, 0x8c, 0x41,
    0x74, 0xc0, 0x3c,

    /* U+1EEA "Ừ" */
    0x0, 0xc2, 0xaa, 0x20, 0xf, 0xfe, 0x18, 0xf5,
    0x78, 0x7, 0xff, 0x12, 0xc8, 0x88, 0x1, 0xff,
    0xc4, 0xf0, 0x80, 0xf, 0xfe, 0x21, 0x7e, 0x0,
    0x7f, 0x87, 0xfc, 0x40, 0x1f, 0xbb, 0xd8, 0x2f,
    0xe0, 0x3, 0xff, 0xaf, 0xc4, 0x1, 0xff, 0xc5,
    0x56, 0xe0, 0xf, 0xfe, 0x20, 0xa2, 0x0, 0x3f,
    0xf8, 0x42, 0xb9, 0x4, 0x1, 0xff, 0xc2, 0xaf,
    0x97, 0x0, 0xff, 0xe1, 0xdd, 0x20, 0x7, 0xff,
    0xc8, 0x40, 0x3f, 0xc6, 0x1, 0x84, 0x0, 0xe0,
    0x1f, 0x8, 0x80, 0x40, 0x38, 0xc3, 0x0, 0x3e,
    0x50, 0x2, 0x80, 0x75, 0x83, 0x90, 0x7, 0xa0,
    0xc, 0x40, 0x39, 0xc4, 0x35, 0xcc, 0x49, 0x70,
    0xc3, 0xc0, 0x3e, 0xd1, 0x8, 0xce, 0xda, 0x30,
    0xb3, 0x0, 0xf8, 0xfe, 0x4c, 0x40, 0x4d, 0xf9,
    0x0, 0x3c,

    /* U+1EEB "ừ" */
    0x0, 0xf, 0x7d, 0x80, 0x7f, 0xc3, 0xa0, 0x84,
    0x1, 0xff, 0x1d, 0x4, 0x0, 0x7f, 0xf0, 0x16,
    0xfc, 0x3, 0xff, 0x82, 0x8a, 0x1, 0xf9, 0xfe,
    0x80, 0x39, 0xfe, 0x83, 0xbd, 0x40, 0x3f, 0xf9,
    0xf2, 0x20, 0x1f, 0xfc, 0x17, 0x6, 0x0, 0xff,
    0xe0, 0x20, 0x18, 0x7, 0xf8, 0x5e, 0xb4, 0x3,
    0xfe, 0x5f, 0xc3, 0x0, 0xfe, 0xf0, 0x48, 0x20,
    0xf, 0xf1, 0x0, 0x78, 0x41, 0xc0, 0x39, 0x0,
    0x3c, 0x80, 0x4e, 0x0, 0x2b, 0x10, 0xf, 0x13,
    0x4, 0x77, 0x35, 0x20, 0x3, 0xe9, 0x91, 0x88,
    0x2e, 0x98, 0x7, 0x80,

    /* U+1EEC "Ử" */
    0x0, 0xeb, 0xff, 0x63, 0x0, 0x7f, 0xf0, 0xa7,
    0x2c, 0x64, 0x80, 0x3f, 0xf8, 0x24, 0x4f, 0x36,
    0x20, 0xf, 0xfe, 0x19, 0xfc, 0x80, 0x7f, 0xf,
    0xf8, 0x80, 0x3, 0x2, 0x1, 0x77, 0xb0, 0x5f,
    0xc0, 0x7, 0xff, 0x5f, 0x88, 0x3, 0xff, 0x8a,
    0xad, 0xc0, 0x1f, 0xfc, 0x41, 0x44, 0x0, 0x7f,
    0xf0, 0x85, 0x72, 0x8, 0x3, 0xff, 0x85, 0x5f,
    0x2e, 0x1, 0xff, 0xc3, 0xba, 0x40, 0xf, 0xff,
    0x90, 0x80, 0x7f, 0x8c, 0x3, 0x8, 0x1, 0xc0,
    0x3e, 0x11, 0x0, 0x80, 0x71, 0x86, 0x0, 0x7c,
    0xa0, 0x5, 0x0, 0xeb, 0x7, 0x20, 0xf, 0x40,
    0x18, 0x80, 0x73, 0x88, 0x6b, 0x98, 0x92, 0xe1,
    0x87, 0x80, 0x7d, 0xa2, 0x11, 0x9d, 0xb4, 0x61,
    0x66, 0x1, 0xf1, 0xfc, 0x98, 0x80, 0x9b, 0xf2,
    0x0, 0x78,

    /* U+1EED "ử" */
    0x0, 0xff, 0xe3, 0x57, 0xfb, 0x58, 0x3, 0xfd,
    0x19, 0x41, 0x26, 0x1, 0xfc, 0x46, 0x20, 0x1f,
    0xfc, 0x11, 0xb6, 0xb3, 0x0, 0xff, 0xd, 0x51,
    0x0, 0x3f, 0xf8, 0xa, 0x20, 0x1f, 0x9f, 0xe8,
    0x3, 0x9f, 0xe8, 0x3b, 0xd4, 0x3, 0xff, 0x9f,
    0x22, 0x1, 0xff, 0xc1, 0x70, 0x60, 0xf, 0xfe,
    0x2, 0x1, 0x80, 0x7f, 0x85, 0xeb, 0x40, 0x3f,
    0xe5, 0xfc, 0x30, 0xf, 0xef, 0x4, 0x82, 0x0,
    0xff, 0x10, 0x7, 0x84, 0x1c, 0x3, 0x90, 0x3,
    0xc8, 0x4, 0xe0, 0x2, 0xb1, 0x0, 0xf1, 0x30,
    0x47, 0x73, 0x52, 0x0, 0x3e, 0x99, 0x18, 0x82,
    0xe9, 0x80, 0x78,

    /* U+1EEE "Ữ" */
    0x0, 0xe6, 0x84, 0x0, 0x43, 0x0, 0x7f, 0xd5,
    0x2f, 0x7d, 0x8e, 0x20, 0x1f, 0xf2, 0xb7, 0x49,
    0x1a, 0x38, 0x7, 0xfd, 0xf2, 0x2d, 0x9f, 0x60,
    0x1f, 0x87, 0xfc, 0x40, 0x1f, 0xbb, 0xd8, 0x2f,
    0xe0, 0x3, 0xff, 0xaf, 0xc4, 0x1, 0xff, 0xc5,
    0x56, 0xe0, 0xf, 0xfe, 0x20, 0xa2, 0x0, 0x3f,
    0xf8, 0x42, 0xb9, 0x4, 0x1, 0xff, 0xc2, 0xaf,
    0x97, 0x0, 0xff, 0xe1, 0xdd, 0x20, 0x7, 0xff,
    0xc8, 0x40, 0x3f, 0xc6, 0x1, 0x84, 0x0, 0xe0,
    0x1f, 0x8, 0x80, 0x40, 0x38, 0xc3, 0x0, 0x3e,
    0x50, 0x2, 0x80, 0x75, 0x83, 0x90, 0x7, 0xa0,
    0xc, 0x40, 0x39, 0xc4, 0x35, 0xcc, 0x49, 0x70,
    0xc3, 0xc0, 0x3e, 0xd1, 0x8, 0xce, 0xda, 0x30,
    0xb3, 0x0, 0xf8, 0xfe, 0x4c, 0x40, 0x4d, 0xf9,
    0x0, 0x3c,

    /* U+1EEF "ữ" */
    0x0, 0x1e, 0xf4, 0x0, 0x3e, 0x0, 0x3e, 0xd3,
    0x57, 0xed, 0xc, 0x0, 0xf1, 0xc, 0x5e, 0x11,
    0x19, 0x0, 0x3c, 0x5e, 0xc0, 0x79, 0xf2, 0x1,
    0xff, 0xc9, 0x7f, 0xa0, 0xe, 0x7f, 0xa0, 0xef,
    0x50, 0xf, 0xfe, 0x7c, 0x88, 0x7, 0xff, 0x5,
    0xc1, 0x80, 0x3f, 0xf8, 0x8, 0x6, 0x1, 0xfe,
    0x17, 0xad, 0x0, 0xff, 0x97, 0xf0, 0xc0, 0x3f,
    0xbc, 0x12, 0x8, 0x3, 0xfc, 0x40, 0x1e, 0x10,
    0x70, 0xe, 0x40, 0xf, 0x20, 0x13, 0x80, 0xa,
    0xc4, 0x3, 0xc4, 0xc1, 0x1d, 0xcd, 0x48, 0x0,
    0xfa, 0x64, 0x62, 0xb, 0xa6, 0x1, 0xe0,

    /* U+1EF0 "Ự" */
    0x1f, 0xf1, 0x0, 0x7e, 0xef, 0x60, 0xbf, 0x80,
    0xf, 0xfe, 0xbf, 0x10, 0x7, 0xff, 0x15, 0x5b,
    0x80, 0x3f, 0xf8, 0x82, 0x88, 0x0, 0xff, 0xe1,
    0xa, 0xe4, 0x10, 0x7, 0xff, 0xa, 0xbe, 0x5c,
    0x3, 0xff, 0x87, 0x74, 0x80, 0x1f, 0xff, 0x21,
    0x0, 0xff, 0x18, 0x6, 0x10, 0x3, 0x80, 0x7c,
    0x22, 0x1, 0x0, 0xe3, 0xc, 0x0, 0xf9, 0x40,
    0xa, 0x1, 0xd6, 0xe, 0x40, 0x1e, 0x80, 0x31,
    0x0, 0xe7, 0x10, 0xd7, 0x31, 0x25, 0xc3, 0xf,
    0x0, 0xfb, 0x44, 0x23, 0x3b, 0x68, 0xc2, 0xcc,
    0x3, 0xe3, 0xf9, 0x31, 0x1, 0x37, 0xe4, 0x0,
    0xfe, 0x16, 0xce, 0xfe, 0xc8, 0x10, 0xf, 0xfe,
    0xd, 0x7d, 0x80, 0x7f, 0xf5, 0xfa, 0x38, 0x3,
    0xfc,

    /* U+1EF1 "ự" */
    0x7f, 0xa0, 0xe, 0x7f, 0xa0, 0xef, 0x50, 0xf,
    0xfe, 0x7c, 0x88, 0x7, 0xff, 0x5, 0xc1, 0x80,
    0x3f, 0xf8, 0x8, 0x6, 0x1, 0xfe, 0x17, 0xad,
    0x0, 0xff, 0x97, 0xf0, 0xc0, 0x3f, 0xbc, 0x12,
    0x8, 0x3, 0xfc, 0x40, 0x1e, 0x10, 0x70, 0xe,
    0x40, 0xf, 0x20, 0x13, 0x80, 0xa, 0xc4, 0x3,
    0xc4, 0xc1, 0x1d, 0xcd, 0x48, 0x0, 0xfa, 0x64,
    0x62, 0xb, 0xa6, 0x1, 0xf9, 0xb3, 0xfa, 0x89,
    0x3e, 0x80, 0x3f, 0x7f, 0x98, 0x3, 0xff, 0x9f,
    0x10, 0x40, 0xf, 0xc0,

    /* U+1EF2 "Ỳ" */
    0x0, 0xea, 0xff, 0x0, 0x7f, 0xf0, 0x68, 0xc1,
    0xc0, 0x3f, 0xf8, 0x3a, 0x32, 0x1, 0xff, 0xc1,
    0x1c, 0xb1, 0x0, 0xf4, 0xff, 0x88, 0x2, 0x25,
    0x10, 0x1, 0x7f, 0x9e, 0x4, 0x38, 0x3, 0xf7,
    0x1, 0x38, 0xd8, 0x1b, 0x0, 0x79, 0x8c, 0x38,
    0x0, 0xa8, 0x10, 0x20, 0x18, 0x60, 0x1c, 0xc0,
    0x2a, 0x1, 0xb0, 0xd, 0x62, 0x50, 0x1, 0x86,
    0x41, 0x50, 0x0, 0x8a, 0x1c, 0x1, 0xe6, 0x30,
    0x90, 0x4, 0x83, 0x98, 0x7, 0xdc, 0x4, 0xce,
    0x44, 0x80, 0xf, 0xc4, 0xe1, 0x10, 0xe, 0x0,
    0xff, 0x41, 0x8, 0x39, 0x80, 0x7f, 0xd0, 0x0,
    0x80, 0xf, 0xff, 0xf8, 0x7, 0xff, 0x7c,

    /* U+1EF3 "ỳ" */
    0x0, 0x9b, 0xfc, 0x60, 0x1f, 0x99, 0x81, 0x0,
    0x1f, 0xd2, 0x68, 0x60, 0x1f, 0xdb, 0x42, 0x1,
    0xfc, 0x2a, 0x40, 0x19, 0xbf, 0x40, 0x3c, 0xff,
    0x2e, 0x4, 0x40, 0xe, 0xa0, 0xa1, 0x40, 0xa0,
    0xc, 0x64, 0x26, 0x1c, 0xa, 0x1, 0xa8, 0x18,
    0x0, 0xa2, 0x46, 0x1, 0x38, 0x50, 0x4, 0xe1,
    0x40, 0x4, 0x13, 0x20, 0xa, 0x81, 0xc0, 0x1c,
    0x14, 0x1, 0x8c, 0x85, 0x1, 0x41, 0xc0, 0x3a,
    0x83, 0x50, 0x10, 0x40, 0x39, 0x41, 0xf4, 0x38,
    0x3, 0xc4, 0x62, 0xc0, 0xa0, 0x1f, 0x50, 0x1,
    0x80, 0x3f, 0x30, 0x3, 0x40, 0x3f, 0x10, 0xa,
    0x0, 0x7e, 0xa0, 0x60, 0xf, 0x10, 0xab, 0x84,
    0x80, 0x7a, 0x3a, 0x82, 0x4, 0x3, 0xda, 0x3,
    0xe, 0x1, 0xe0,

    /* U+1EF4 "Ỵ" */
    0x9f, 0xf1, 0x0, 0x7e, 0x2f, 0xf3, 0xc0, 0x87,
    0x0, 0x7e, 0xe0, 0x27, 0x1b, 0x3, 0x60, 0xf,
    0x31, 0x87, 0x0, 0x15, 0x2, 0x4, 0x3, 0xc,
    0x3, 0x98, 0x5, 0x40, 0x36, 0x1, 0xac, 0x4a,
    0x0, 0x30, 0xc8, 0x2a, 0x0, 0x11, 0x43, 0x80,
    0x3c, 0xc6, 0x12, 0x0, 0x90, 0x73, 0x0, 0xfb,
    0x80, 0x99, 0xc8, 0x90, 0x1, 0xf8, 0x9c, 0x22,
    0x1, 0xc0, 0x1f, 0xe8, 0x21, 0x7, 0x30, 0xf,
    0xfa, 0x0, 0x10, 0x1, 0xff, 0xff, 0x0, 0xff,
    0xf2, 0xaf, 0xf8, 0x3, 0xff, 0x82, 0x4e, 0xe0,
    0xf, 0xfe, 0xb, 0xc4, 0x0, 0x3f, 0xf9, 0x60,

    /* U+1EF5 "ỵ" */
    0x6f, 0xd0, 0xf, 0x3f, 0xcb, 0x81, 0x10, 0x3,
    0xa8, 0x28, 0x50, 0x28, 0x3, 0x19, 0x9, 0x87,
    0x2, 0x80, 0x6b, 0x6, 0x0, 0x28, 0x11, 0x80,
    0x4c, 0x14, 0x1, 0x28, 0x58, 0x0, 0xc4, 0xc8,
    0x2, 0xe0, 0x60, 0x5, 0x5, 0x0, 0x64, 0x11,
    0x18, 0x38, 0x38, 0x7, 0x30, 0x59, 0x8a, 0x8,
    0x7, 0x58, 0x2d, 0x87, 0x0, 0x78, 0xc8, 0x8c,
    0xa, 0x1, 0xf5, 0x0, 0xb0, 0x7, 0xe6, 0x0,
    0x68, 0x7, 0xf8, 0x50, 0x3, 0xf3, 0x3, 0x3,
    0x39, 0x80, 0x8, 0x56, 0x2, 0x42, 0x61, 0x0,
    0x11, 0xd4, 0x10, 0x20, 0x1e, 0xd0, 0x18, 0x70,
    0x7, 0xf9, 0xc0,

    /* U+1EF6 "Ỷ" */
    0x0, 0xe5, 0xff, 0x74, 0x88, 0x7, 0xf9, 0x73,
    0xe, 0xd0, 0x1, 0xff, 0x1d, 0xb9, 0xd0, 0x7,
    0xff, 0x3, 0xab, 0xc, 0x3, 0xa7, 0xfc, 0x40,
    0x13, 0x20, 0x4, 0x5f, 0xe7, 0x81, 0xe, 0x0,
    0xfd, 0xc0, 0x4e, 0x36, 0x6, 0xc0, 0x1e, 0x63,
    0xe, 0x0, 0x2a, 0x4, 0x8, 0x6, 0x18, 0x7,
    0x30, 0xa, 0x80, 0x6c, 0x3, 0x58, 0x94, 0x0,
    0x61, 0x90, 0x54, 0x0, 0x22, 0x87, 0x0, 0x79,
    0x8c, 0x24, 0x1, 0x20, 0xe6, 0x1, 0xf7, 0x1,
    0x33, 0x91, 0x20, 0x3, 0xf1, 0x38, 0x44, 0x3,
    0x80, 0x3f, 0xd0, 0x42, 0xe, 0x60, 0x1f, 0xf4,
    0x0, 0x20, 0x3, 0xff, 0xfe, 0x1, 0xff, 0xdf,

    /* U+1EF7 "ỷ" */
    0x0, 0xff, 0xe1, 0x8f, 0xfd, 0x64, 0x1, 0xe1,
    0xcb, 0x74, 0xf0, 0xf, 0x8d, 0x7c, 0x4, 0x3,
    0xf3, 0x43, 0xe8, 0x7, 0xe5, 0xb8, 0x10, 0xf,
    0xc4, 0x80, 0x1c, 0xdf, 0xa0, 0x1e, 0x7f, 0x97,
    0x2, 0x20, 0x7, 0x50, 0x50, 0xa0, 0x50, 0x6,
    0x32, 0x13, 0xe, 0x5, 0x0, 0xd4, 0xc, 0x0,
    0x51, 0x23, 0x0, 0x9c, 0x28, 0x2, 0x70, 0xa0,
    0x2, 0x9, 0x90, 0x5, 0x40, 0xe0, 0xe, 0xa,
    0x0, 0xc6, 0x42, 0x80, 0xa0, 0xe0, 0x1d, 0x41,
    0xa8, 0x8, 0x20, 0x1c, 0xa0, 0xfa, 0x1c, 0x1,
    0xe2, 0x31, 0x60, 0x50, 0xf, 0xa8, 0x0, 0xc0,
    0x1f, 0x98, 0x1, 0xa0, 0x1f, 0x88, 0x5, 0x0,
    0x3f, 0x50, 0x30, 0x7, 0x88, 0x55, 0xc2, 0x40,
    0x3d, 0x1d, 0x41, 0x2, 0x1, 0xed, 0x1, 0x87,
    0x0, 0xf0,

    /* U+1EF8 "Ỹ" */
    0x0, 0xe2, 0x85, 0x0, 0x1c, 0x80, 0x7e, 0x2d,
    0x7a, 0xb1, 0x96, 0x0, 0xfd, 0x41, 0xb4, 0x9c,
    0xaa, 0x0, 0xfd, 0xec, 0x4b, 0xac, 0xf4, 0x1,
    0xa7, 0xfc, 0x4f, 0x20, 0x2, 0x98, 0x2, 0xff,
    0x3c, 0x8, 0x70, 0x7, 0xee, 0x2, 0x71, 0xb0,
    0x36, 0x0, 0xf3, 0x18, 0x70, 0x1, 0x50, 0x20,
    0x40, 0x30, 0xc0, 0x39, 0x80, 0x54, 0x3, 0x60,
    0x1a, 0xc4, 0xa0, 0x3, 0xc, 0x82, 0xa0, 0x1,
    0x14, 0x38, 0x3, 0xcc, 0x61, 0x20, 0x9, 0x7,
    0x30, 0xf, 0xb8, 0x9, 0x9c, 0x89, 0x0, 0x1f,
    0x89, 0xc2, 0x20, 0x1c, 0x1, 0xfe, 0x82, 0x10,
    0x73, 0x0, 0xff, 0xa0, 0x1, 0x0, 0x1f, 0xff,
    0xf0, 0xf, 0xfe, 0xf8,

    /* U+1EF9 "ỹ" */
    0x0, 0xa7, 0xb1, 0x1, 0xfc, 0x40, 0x25, 0x65,
    0x2b, 0xc8, 0x21, 0x0, 0xb0, 0x6f, 0x9c, 0x89,
    0xc0, 0x1a, 0x78, 0x1, 0x1d, 0xa6, 0x1, 0xff,
    0xc2, 0x6f, 0xd0, 0xf, 0x3f, 0xcb, 0x81, 0x10,
    0x3, 0xa8, 0x28, 0x50, 0x28, 0x3, 0x19, 0x9,
    0x87, 0x2, 0x80, 0x6a, 0x6, 0x0, 0x28, 0x91,
    0x80, 0x4e, 0x14, 0x1, 0x38, 0x50, 0x1, 0x4,
    0xc8, 0x2, 0xa0, 0x70, 0x7, 0x5, 0x0, 0x63,
    0x21, 0x40, 0x50, 0x70, 0xe, 0xa0, 0xd4, 0x4,
    0x10, 0xe, 0x50, 0x7d, 0xe, 0x0, 0xf1, 0x18,
    0xb0, 0x28, 0x7, 0xd4, 0x0, 0x60, 0xf, 0xcc,
    0x0, 0xd0, 0xf, 0xc4, 0x2, 0x80, 0x1f, 0xa8,
    0x18, 0x3, 0xc4, 0x2a, 0xe1, 0x20, 0x1e, 0x8e,
    0xa0, 0x81, 0x0, 0xf6, 0x80, 0xc3, 0x80, 0x78
};


/*---------------------
 *  GLYPH DESCRIPTION
 *--------------------*/

static const lv_font_fmt_txt_glyph_dsc_t glyph_dsc[] = {
    {.bitmap_index = 0, .adv_w = 0, .box_w = 0, .box_h = 0, .ofs_x = 0, .ofs_y = 0} /* id = 0 reserved */,
    {.bitmap_index = 0, .adv_w = 107, .box_w = 0, .box_h = 0, .ofs_x = 0, .ofs_y = 0},
    {.bitmap_index = 0, .adv_w = 107, .box_w = 3, .box_h = 18, .ofs_x = 2, .ofs_y = 0},
    {.bitmap_index = 25, .adv_w = 136, .box_w = 7, .box_h = 7, .ofs_x = 1, .ofs_y = 11},
    {.bitmap_index = 47, .adv_w = 214, .box_w = 14, .box_h = 18, .ofs_x = 0, .ofs_y = 0},
    {.bitmap_index = 158, .adv_w = 214, .box_w = 13, .box_h = 22, .ofs_x = 0, .ofs_y = -2},
    {.bitmap_index = 274, .adv_w = 341, .box_w = 19, .box_h = 18, .ofs_x = 1, .ofs_y = 0},
    {.bitmap_index = 419, .adv_w = 256, .box_w = 15, .box_h = 19, .ofs_x = 1, .ofs_y = -1},
    {.bitmap_index = 543, .adv_w = 73, .box_w = 3, .box_h = 7, .ofs_x = 1, .ofs_y = 11},
    {.bitmap_index = 554, .adv_w = 128, .box_w = 7, .box_h = 23, .ofs_x = 1, .ofs_y = -5},
    {.bitmap_index = 621, .adv_w = 128, .box_w = 7, .box_h = 23, .ofs_x = 1, .ofs_y = -5},
    {.bitmap_index = 687, .adv_w = 149, .box_w = 9, .box_h = 8, .ofs_x = 0, .ofs_y = 10},
    {.bitmap_index = 721, .adv_w = 224, .box_w = 12, .box_h = 12, .ofs_x = 1, .ofs_y = 3},
    {.bitmap_index = 746, .adv_w = 107, .box_w = 3, .box_h = 7, .ofs_x = 2, .ofs_y = -4},
    {.bitmap_index = 757, .adv_w = 128, .box_w = 8, .box_h = 3, .ofs_x = 0, .ofs_y = 5},
    {.bitmap_index = 765, .adv_w = 107, .box_w = 3, .box_h = 3, .ofs_x = 2, .ofs_y = 0},
    {.bitmap_index = 770, .adv_w = 107, .box_w = 7, .box_h = 18, .ofs_x = 0, .ofs_y = 0},
    {.bitmap_index = 822, .adv_w = 214, .box_w = 12, .box_h = 18, .ofs_x = 1, .ofs_y = 0},
    {.bitmap_index = 916, .adv_w = 214, .box_w = 7, .box_h = 18, .ofs_x = 2, .ofs_y = 0},
    {.bitmap_index = 942, .adv_w = 214, .box_w = 13, .box_h = 18, .ofs_x = 0, .ofs_y = 0},
    {.bitmap_index = 1031, .adv_w = 214, .box_w = 12, .box_h = 18, .ofs_x = 1, .ofs_y = 0},
    {.bitmap_index = 1125, .adv_w = 214, .box_w = 13, .box_h = 18, .ofs_x = 0, .ofs_y = 0},
    {.bitmap_index = 1188, .adv_w = 214, .box_w = 12, .box_h = 18, .ofs_x = 1, .ofs_y = 0},
    {.bitmap_index = 1276, .adv_w = 214, .box_w = 13, .box_h = 18, .ofs_x = 0, .ofs_y = 0},
    {.bitmap_index = 1383, .adv_w = 214, .box_w = 12, .box_h = 18, .ofs_x = 1, .ofs_y = 0},
    {.bitmap_index = 1451, .adv_w = 214, .box_w = 13, .box_h = 18, .ofs_x = 0, .ofs_y = 0},
    {.bitmap_index = 1560, .adv_w = 214, .box_w = 12, .box_h = 18, .ofs_x = 1, .ofs_y = 0},
    {.bitmap_index = 1661, .adv_w = 107, .box_w = 3, .box_h = 13, .ofs_x = 2, .ofs_y = 0},
    {.bitmap_index = 1675, .adv_w = 107, .box_w = 3, .box_h = 17, .ofs_x = 2, .ofs_y = -4},
    {.bitmap_index = 1695, .adv_w = 224, .box_w = 12, .box_h = 13, .ofs_x = 1, .ofs_y = 2},
    {.bitmap_index = 1758, .adv_w = 224, .box_w = 12, .box_h = 8, .ofs_x = 1, .ofs_y = 5},
    {.bitmap_index = 1780, .adv_w = 224, .box_w = 12, .box_h = 13, .ofs_x = 1, .ofs_y = 2},
    {.bitmap_index = 1844, .adv_w = 214, .box_w = 12, .box_h = 18, .ofs_x = 1, .ofs_y = 0},
    {.bitmap_index = 1923, .adv_w = 390, .box_w = 23, .box_h = 23, .ofs_x = 1, .ofs_y = -5},
    {.bitmap_index = 2160, .adv_w = 256, .box_w = 18, .box_h = 18, .ofs_x = -1, .ofs_y = 0},
    {.bitmap_index = 2276, .adv_w = 256, .box_w = 14, .box_h = 18, .ofs_x = 1, .ofs_y = 0},
    {.bitmap_index = 2353, .adv_w = 277, .box_w = 16, .box_h = 18, .ofs_x = 1, .ofs_y = 0},
    {.bitmap_index = 2465, .adv_w = 277, .box_w = 16, .box_h = 18, .ofs_x = 1, .ofs_y = 0},
    {.bitmap_index = 2556, .adv_w = 256, .box_w = 14, .box_h = 18, .ofs_x = 1, .ofs_y = 0},
    {.bitmap_index = 2598, .adv_w = 235, .box_w = 13, .box_h = 18, .ofs_x = 1, .ofs_y = 0},
    {.bitmap_index = 2631, .adv_w = 299, .box_w = 17, .box_h = 18, .ofs_x = 1, .ofs_y = 0},
    {.bitmap_index = 2748, .adv_w = 277, .box_w = 15, .box_h = 18, .ofs_x = 1, .ofs_y = 0},
    {.bitmap_index = 2779, .adv_w = 107, .box_w = 3, .box_h = 18, .ofs_x = 2, .ofs_y = 0},
    {.bitmap_index = 2784, .adv_w = 192, .box_w = 11, .box_h = 18, .ofs_x = 0, .ofs_y = 0},
    {.bitmap_index = 2826, .adv_w = 256, .box_w = 15, .box_h = 18, .ofs_x = 1, .ofs_y = 0},
    {.bitmap_index = 2915, .adv_w = 214, .box_w = 12, .box_h = 18, .ofs_x = 1, .ofs_y = 0},
    {.bitmap_index = 2935, .adv_w = 320, .box_w = 18, .box_h = 18, .ofs_x = 1, .ofs_y = 0},
    {.bitmap_index = 3043, .adv_w = 277, .box_w = 15, .box_h = 18, .ofs_x = 1, .ofs_y = 0},
    {.bitmap_index = 3123, .adv_w = 299, .box_w = 17, .box_h = 18, .ofs_x = 1, .ofs_y = 0},
    {.bitmap_index = 3242, .adv_w = 256, .box_w = 14, .box_h = 18, .ofs_x = 1, .ofs_y = 0},
    {.bitmap_index = 3303, .adv_w = 299, .box_w = 17, .box_h = 20, .ofs_x = 1, .ofs_y = -2},
    {.bitmap_index = 3437, .adv_w = 277, .box_w = 17, .box_h = 18, .ofs_x = 1, .ofs_y = 0},
    {.bitmap_index = 3530, .adv_w = 256, .box_w = 14, .box_h = 18, .ofs_x = 1, .ofs_y = 0},
    {.bitmap_index = 3641, .adv_w = 235, .box_w = 15, .box_h = 18, .ofs_x = 0, .ofs_y = 0},
    {.bitmap_index = 3668, .adv_w = 277, .box_w = 15, .box_h = 18, .ofs_x = 1, .ofs_y = 0},
    {.bitmap_index = 3724, .adv_w = 256, .box_w = 16, .box_h = 18, .ofs_x = 0, .ofs_y = 0},
    {.bitmap_index = 3831, .adv_w = 362, .box_w = 23, .box_h = 18, .ofs_x = 0, .ofs_y = 0},
    {.bitmap_index = 4005, .adv_w = 256, .box_w = 16, .box_h = 18, .ofs_x = 0, .ofs_y = 0},
    {.bitmap_index = 4119, .adv_w = 256, .box_w = 16, .box_h = 18, .ofs_x = 0, .ofs_y = 0},
    {.bitmap_index = 4193, .adv_w = 235, .box_w = 15, .box_h = 18, .ofs_x = 0, .ofs_y = 0},
    {.bitmap_index = 4274, .adv_w = 107, .box_w = 6, .box_h = 23, .ofs_x = 1, .ofs_y = -5},
    {.bitmap_index = 4294, .adv_w = 107, .box_w = 7, .box_h = 18, .ofs_x = 0, .ofs_y = 0},
    {.bitmap_index = 4344, .adv_w = 107, .box_w = 6, .box_h = 23, .ofs_x = 0, .ofs_y = -5},
    {.bitmap_index = 4363, .adv_w = 180, .box_w = 11, .box_h = 10, .ofs_x = 0, .ofs_y = 8},
    {.bitmap_index = 4410, .adv_w = 214, .box_w = 15, .box_h = 2, .ofs_x = -1, .ofs_y = -5},
    {.bitmap_index = 4418, .adv_w = 128, .box_w = 5, .box_h = 4, .ofs_x = 1, .ofs_y = 14},
    {.bitmap_index = 4429, .adv_w = 214, .box_w = 13, .box_h = 13, .ofs_x = 0, .ofs_y = 0},
    {.bitmap_index = 4509, .adv_w = 214, .box_w = 12, .box_h = 18, .ofs_x = 1, .ofs_y = 0},
    {.bitmap_index = 4578, .adv_w = 192, .box_w = 12, .box_h = 13, .ofs_x = 0, .ofs_y = 0},
    {.bitmap_index = 4645, .adv_w = 214, .box_w = 12, .box_h = 18, .ofs_x = 0, .ofs_y = 0},
    {.bitmap_index = 4717, .adv_w = 214, .box_w = 13, .box_h = 13, .ofs_x = 0, .ofs_y = 0},
    {.bitmap_index = 4793, .adv_w = 107, .box_w = 8, .box_h = 18, .ofs_x = 0, .ofs_y = 0},
    {.bitmap_index = 4827, .adv_w = 214, .box_w = 12, .box_h = 18, .ofs_x = 0, .ofs_y = -5},
    {.bitmap_index = 4925, .adv_w = 214, .box_w = 11, .box_h = 18, .ofs_x = 1, .ofs_y = 0},
    {.bitmap_index = 4963, .adv_w = 85, .box_w = 3, .box_h = 18, .ofs_x = 1, .ofs_y = 0},
    {.bitmap_index = 4975, .adv_w = 85, .box_w = 6, .box_h = 23, .ofs_x = -2, .ofs_y = -5},
    {.bitmap_index = 5003, .adv_w = 192, .box_w = 11, .box_h = 18, .ofs_x = 1, .ofs_y = 0},
    {.bitmap_index = 5059, .adv_w = 85, .box_w = 3, .box_h = 18, .ofs_x = 1, .ofs_y = 0},
    {.bitmap_index = 5064, .adv_w = 320, .box_w = 18, .box_h = 13, .ofs_x = 1, .ofs_y = 0},
    {.bitmap_index = 5119, .adv_w = 214, .box_w = 11, .box_h = 13, .ofs_x = 1, .ofs_y = 0},
    {.bitmap_index = 5154, .adv_w = 214, .box_w = 13, .box_h = 13, .ofs_x = 0, .ofs_y = 0},
    {.bitmap_index = 5227, .adv_w = 214, .box_w = 12, .box_h = 18, .ofs_x = 1, .ofs_y = -5},
    {.bitmap_index = 5302, .adv_w = 214, .box_w = 12, .box_h = 18, .ofs_x = 0, .ofs_y = -5},
    {.bitmap_index = 5380, .adv_w = 128, .box_w = 8, .box_h = 13, .ofs_x = 1, .ofs_y = 0},
    {.bitmap_index = 5405, .adv_w = 192, .box_w = 12, .box_h = 13, .ofs_x = 0, .ofs_y = 0},
    {.bitmap_index = 5480, .adv_w = 107, .box_w = 7, .box_h = 18, .ofs_x = 0, .ofs_y = 0},
    {.bitmap_index = 5512, .adv_w = 214, .box_w = 11, .box_h = 13, .ofs_x = 1, .ofs_y = 0},
    {.bitmap_index = 5546, .adv_w = 192, .box_w = 12, .box_h = 13, .ofs_x = 0, .ofs_y = 0},
    {.bitmap_index = 5613, .adv_w = 277, .box_w = 18, .box_h = 13, .ofs_x = 0, .ofs_y = 0},
    {.bitmap_index = 5722, .adv_w = 192, .box_w = 12, .box_h = 13, .ofs_x = 0, .ofs_y = 0},
    {.bitmap_index = 5793, .adv_w = 192, .box_w = 12, .box_h = 18, .ofs_x = 0, .ofs_y = -5},
    {.bitmap_index = 5880, .adv_w = 192, .box_w = 12, .box_h = 13, .ofs_x = 0, .ofs_y = 0},
    {.bitmap_index = 5936, .adv_w = 128, .box_w = 8, .box_h = 23, .ofs_x = 0, .ofs_y = -5},
    {.bitmap_index = 6002, .adv_w = 100, .box_w = 3, .box_h = 23, .ofs_x = 2, .ofs_y = -5},
    {.bitmap_index = 6007, .adv_w = 128, .box_w = 8, .box_h = 23, .ofs_x = 0, .ofs_y = -5},
    {.bitmap_index = 6074, .adv_w = 224, .box_w = 13, .box_h = 6, .ofs_x = 1, .ofs_y = 6},
    {.bitmap_index = 6109, .adv_w = 154, .box_w = 7, .box_h = 8, .ofs_x = 1, .ofs_y = 10},
    {.bitmap_index = 6135, .adv_w = 221, .box_w = 11, .box_h = 18, .ofs_x = 1, .ofs_y = -5},
    {.bitmap_index = 6174, .adv_w = 256, .box_w = 18, .box_h = 22, .ofs_x = -1, .ofs_y = 0},
    {.bitmap_index = 6309, .adv_w = 256, .box_w = 18, .box_h = 22, .ofs_x = -1, .ofs_y = 0},
    {.bitmap_index = 6445, .adv_w = 256, .box_w = 18, .box_h = 22, .ofs_x = -1, .ofs_y = 0},
    {.bitmap_index = 6585, .adv_w = 256, .box_w = 18, .box_h = 22, .ofs_x = -1, .ofs_y = 0},
    {.bitmap_index = 6726, .adv_w = 256, .box_w = 14, .box_h = 22, .ofs_x = 1, .ofs_y = 0},
    {.bitmap_index = 6787, .adv_w = 256, .box_w = 14, .box_h = 22, .ofs_x = 1, .ofs_y = 0},
    {.bitmap_index = 6848, .adv_w = 256, .box_w = 14, .box_h = 22, .ofs_x = 1, .ofs_y = 0},
    {.bitmap_index = 6915, .adv_w = 107, .box_w = 6, .box_h = 22, .ofs_x = 0, .ofs_y = 0},
    {.bitmap_index = 6936, .adv_w = 107, .box_w = 5, .box_h = 22, .ofs_x = 1, .ofs_y = 0},
    {.bitmap_index = 6954, .adv_w = 299, .box_w = 17, .box_h = 23, .ofs_x = 1, .ofs_y = 0},
    {.bitmap_index = 7098, .adv_w = 299, .box_w = 17, .box_h = 23, .ofs_x = 1, .ofs_y = 0},
    {.bitmap_index = 7241, .adv_w = 299, .box_w = 17, .box_h = 23, .ofs_x = 1, .ofs_y = 0},
    {.bitmap_index = 7387, .adv_w = 299, .box_w = 17, .box_h = 22, .ofs_x = 1, .ofs_y = 0},
    {.bitmap_index = 7531, .adv_w = 277, .box_w = 15, .box_h = 23, .ofs_x = 1, .ofs_y = 0},
    {.bitmap_index = 7611, .adv_w = 277, .box_w = 15, .box_h = 23, .ofs_x = 1, .ofs_y = 0},
    {.bitmap_index = 7689, .adv_w = 256, .box_w = 16, .box_h = 22, .ofs_x = 0, .ofs_y = 0},
    {.bitmap_index = 7784, .adv_w = 214, .box_w = 13, .box_h = 18, .ofs_x = 0, .ofs_y = 0},
    {.bitmap_index = 7883, .adv_w = 214, .box_w = 13, .box_h = 18, .ofs_x = 0, .ofs_y = 0},
    {.bitmap_index = 7982, .adv_w = 214, .box_w = 13, .box_h = 18, .ofs_x = 0, .ofs_y = 0},
    {.bitmap_index = 8087, .adv_w = 214, .box_w = 13, .box_h = 18, .ofs_x = 0, .ofs_y = 0},
    {.bitmap_index = 8191, .adv_w = 214, .box_w = 13, .box_h = 18, .ofs_x = 0, .ofs_y = 0},
    {.bitmap_index = 8286, .adv_w = 214, .box_w = 13, .box_h = 18, .ofs_x = 0, .ofs_y = 0},
    {.bitmap_index = 8381, .adv_w = 214, .box_w = 13, .box_h = 18, .ofs_x = 0, .ofs_y = 0},
    {.bitmap_index = 8482, .adv_w = 107, .box_w = 5, .box_h = 18, .ofs_x = 0, .ofs_y = 0},
    {.bitmap_index = 8501, .adv_w = 107, .box_w = 5, .box_h = 18, .ofs_x = 2, .ofs_y = 0},
    {.bitmap_index = 8519, .adv_w = 214, .box_w = 13, .box_h = 18, .ofs_x = 0, .ofs_y = 0},
    {.bitmap_index = 8611, .adv_w = 214, .box_w = 13, .box_h = 18, .ofs_x = 0, .ofs_y = 0},
    {.bitmap_index = 8703, .adv_w = 214, .box_w = 13, .box_h = 18, .ofs_x = 0, .ofs_y = 0},
    {.bitmap_index = 8801, .adv_w = 214, .box_w = 13, .box_h = 18, .ofs_x = 0, .ofs_y = 0},
    {.bitmap_index = 8898, .adv_w = 214, .box_w = 11, .box_h = 18, .ofs_x = 1, .ofs_y = 0},
    {.bitmap_index = 8950, .adv_w = 214, .box_w = 11, .box_h = 18, .ofs_x = 1, .ofs_y = 0},
    {.bitmap_index = 9003, .adv_w = 192, .box_w = 12, .box_h = 23, .ofs_x = 0, .ofs_y = -5},
    {.bitmap_index = 9109, .adv_w = 256, .box_w = 18, .box_h = 22, .ofs_x = -1, .ofs_y = 0},
    {.bitmap_index = 9249, .adv_w = 214, .box_w = 13, .box_h = 18, .ofs_x = 0, .ofs_y = 0},
    {.bitmap_index = 9353, .adv_w = 277, .box_w = 18, .box_h = 18, .ofs_x = -1, .ofs_y = 0},
    {.bitmap_index = 9461, .adv_w = 214, .box_w = 14, .box_h = 18, .ofs_x = 0, .ofs_y = 0},
    {.bitmap_index = 9554, .adv_w = 107, .box_w = 9, .box_h = 22, .ofs_x = -1, .ofs_y = 0},
    {.bitmap_index = 9583, .adv_w = 107, .box_w = 9, .box_h = 18, .ofs_x = -1, .ofs_y = 0},
    {.bitmap_index = 9615, .adv_w = 277, .box_w = 15, .box_h = 22, .ofs_x = 1, .ofs_y = 0},
    {.bitmap_index = 9695, .adv_w = 214, .box_w = 11, .box_h = 18, .ofs_x = 1, .ofs_y = 0},
    {.bitmap_index = 9753, .adv_w = 329, .box_w = 20, .box_h = 18, .ofs_x = 1, .ofs_y = 0},
    {.bitmap_index = 9888, .adv_w = 252, .box_w = 15, .box_h = 13, .ofs_x = 0, .ofs_y = 0},
    {.bitmap_index = 9971, .adv_w = 328, .box_w = 19, .box_h = 18, .ofs_x = 1, .ofs_y = 0},
    {.bitmap_index = 10060, .adv_w = 257, .box_w = 15, .box_h = 13, .ofs_x = 1, .ofs_y = 0},
    {.bitmap_index = 10121, .adv_w = 256, .box_w = 18, .box_h = 22, .ofs_x = -1, .ofs_y = -4},
    {.bitmap_index = 10254, .adv_w = 214, .box_w = 13, .box_h = 17, .ofs_x = 0, .ofs_y = -4},
    {.bitmap_index = 10349, .adv_w = 256, .box_w = 18, .box_h = 22, .ofs_x = -1, .ofs_y = 0},
    {.bitmap_index = 10488, .adv_w = 214, .box_w = 13, .box_h = 20, .ofs_x = 0, .ofs_y = 0},
    {.bitmap_index = 10594, .adv_w = 256, .box_w = 18, .box_h = 22, .ofs_x = -1, .ofs_y = 0},
    {.bitmap_index = 10734, .adv_w = 214, .box_w = 13, .box_h = 22, .ofs_x = 0, .ofs_y = 0},
    {.bitmap_index = 10854, .adv_w = 256, .box_w = 18, .box_h = 22, .ofs_x = -1, .ofs_y = 0},
    {.bitmap_index = 10992, .adv_w = 214, .box_w = 13, .box_h = 22, .ofs_x = 0, .ofs_y = 0},
    {.bitmap_index = 11112, .adv_w = 256, .box_w = 18, .box_h = 22, .ofs_x = -1, .ofs_y = 0},
    {.bitmap_index = 11253, .adv_w = 214, .box_w = 13, .box_h = 22, .ofs_x = 0, .ofs_y = 0},
    {.bitmap_index = 11376, .adv_w = 256, .box_w = 18, .box_h = 22, .ofs_x = -1, .ofs_y = 0},
    {.bitmap_index = 11517, .adv_w = 214, .box_w = 13, .box_h = 22, .ofs_x = 0, .ofs_y = 0},
    {.bitmap_index = 11644, .adv_w = 256, .box_w = 18, .box_h = 24, .ofs_x = -1, .ofs_y = -4},
    {.bitmap_index = 11789, .adv_w = 214, .box_w = 13, .box_h = 22, .ofs_x = 0, .ofs_y = -4},
    {.bitmap_index = 11909, .adv_w = 256, .box_w = 18, .box_h = 22, .ofs_x = -1, .ofs_y = 0},
    {.bitmap_index = 12048, .adv_w = 214, .box_w = 13, .box_h = 22, .ofs_x = 0, .ofs_y = 0},
    {.bitmap_index = 12168, .adv_w = 256, .box_w = 18, .box_h = 22, .ofs_x = -1, .ofs_y = 0},
    {.bitmap_index = 12306, .adv_w = 214, .box_w = 13, .box_h = 22, .ofs_x = 0, .ofs_y = 0},
    {.bitmap_index = 12425, .adv_w = 256, .box_w = 18, .box_h = 22, .ofs_x = -1, .ofs_y = 0},
    {.bitmap_index = 12565, .adv_w = 214, .box_w = 13, .box_h = 22, .ofs_x = 0, .ofs_y = 0},
    {.bitmap_index = 12687, .adv_w = 256, .box_w = 18, .box_h = 22, .ofs_x = -1, .ofs_y = 0},
    {.bitmap_index = 12828, .adv_w = 214, .box_w = 13, .box_h = 22, .ofs_x = 0, .ofs_y = 0},
    {.bitmap_index = 12953, .adv_w = 256, .box_w = 18, .box_h = 24, .ofs_x = -1, .ofs_y = -4},
    {.bitmap_index = 13099, .adv_w = 214, .box_w = 13, .box_h = 22, .ofs_x = 0, .ofs_y = -4},
    {.bitmap_index = 13219, .adv_w = 256, .box_w = 14, .box_h = 22, .ofs_x = 1, .ofs_y = -4},
    {.bitmap_index = 13276, .adv_w = 214, .box_w = 13, .box_h = 17, .ofs_x = 0, .ofs_y = -4},
    {.bitmap_index = 13365, .adv_w = 256, .box_w = 14, .box_h = 22, .ofs_x = 1, .ofs_y = 0},
    {.bitmap_index = 13427, .adv_w = 214, .box_w = 13, .box_h = 20, .ofs_x = 0, .ofs_y = 0},
    {.bitmap_index = 13528, .adv_w = 256, .box_w = 14, .box_h = 22, .ofs_x = 1, .ofs_y = 0},
    {.bitmap_index = 13595, .adv_w = 214, .box_w = 13, .box_h = 18, .ofs_x = 0, .ofs_y = 0},
    {.bitmap_index = 13694, .adv_w = 256, .box_w = 14, .box_h = 22, .ofs_x = 1, .ofs_y = 0},
    {.bitmap_index = 13758, .adv_w = 214, .box_w = 13, .box_h = 22, .ofs_x = 0, .ofs_y = 0},
    {.bitmap_index = 13874, .adv_w = 256, .box_w = 14, .box_h = 22, .ofs_x = 1, .ofs_y = 0},
    {.bitmap_index = 13939, .adv_w = 214, .box_w = 13, .box_h = 22, .ofs_x = 0, .ofs_y = 0},
    {.bitmap_index = 14055, .adv_w = 256, .box_w = 14, .box_h = 22, .ofs_x = 1, .ofs_y = 0},
    {.bitmap_index = 14121, .adv_w = 214, .box_w = 13, .box_h = 22, .ofs_x = 0, .ofs_y = 0},
    {.bitmap_index = 14240, .adv_w = 256, .box_w = 14, .box_h = 22, .ofs_x = 1, .ofs_y = 0},
    {.bitmap_index = 14309, .adv_w = 214, .box_w = 13, .box_h = 22, .ofs_x = 0, .ofs_y = 0},
    {.bitmap_index = 14432, .adv_w = 256, .box_w = 14, .box_h = 24, .ofs_x = 1, .ofs_y = -4},
    {.bitmap_index = 14503, .adv_w = 214, .box_w = 13, .box_h = 22, .ofs_x = 0, .ofs_y = -4},
    {.bitmap_index = 14617, .adv_w = 107, .box_w = 6, .box_h = 22, .ofs_x = 1, .ofs_y = 0},
    {.bitmap_index = 14638, .adv_w = 85, .box_w = 6, .box_h = 19, .ofs_x = 0, .ofs_y = 0},
    {.bitmap_index = 14660, .adv_w = 107, .box_w = 3, .box_h = 22, .ofs_x = 2, .ofs_y = -4},
    {.bitmap_index = 14671, .adv_w = 85, .box_w = 3, .box_h = 22, .ofs_x = 1, .ofs_y = -4},
    {.bitmap_index = 14689, .adv_w = 299, .box_w = 17, .box_h = 22, .ofs_x = 1, .ofs_y = -4},
    {.bitmap_index = 14824, .adv_w = 214, .box_w = 13, .box_h = 17, .ofs_x = 0, .ofs_y = -4},
    {.bitmap_index = 14911, .adv_w = 299, .box_w = 17, .box_h = 22, .ofs_x = 1, .ofs_y = 0},
    {.bitmap_index = 15052, .adv_w = 214, .box_w = 13, .box_h = 20, .ofs_x = 0, .ofs_y = 0},
    {.bitmap_index = 15151, .adv_w = 299, .box_w = 17, .box_h = 22, .ofs_x = 1, .ofs_y = 0},
    {.bitmap_index = 15291, .adv_w = 214, .box_w = 13, .box_h = 22, .ofs_x = 0, .ofs_y = 0},
    {.bitmap_index = 15404, .adv_w = 299, .box_w = 17, .box_h = 22, .ofs_x = 1, .ofs_y = 0},
    {.bitmap_index = 15544, .adv_w = 214, .box_w = 13, .box_h = 22, .ofs_x = 0, .ofs_y = 0},
    {.bitmap_index = 15658, .adv_w = 299, .box_w = 17, .box_h = 22, .ofs_x = 1, .ofs_y = 0},
    {.bitmap_index = 15799, .adv_w = 214, .box_w = 13, .box_h = 22, .ofs_x = 0, .ofs_y = 0},
    {.bitmap_index = 15915, .adv_w = 299, .box_w = 17, .box_h = 22, .ofs_x = 1, .ofs_y = 0},
    {.bitmap_index = 16059, .adv_w = 214, .box_w = 13, .box_h = 22, .ofs_x = 0, .ofs_y = 0},
    {.bitmap_index = 16180, .adv_w = 299, .box_w = 17, .box_h = 24, .ofs_x = 1, .ofs_y = -4},
    {.bitmap_index = 16326, .adv_w = 214, .box_w = 13, .box_h = 22, .ofs_x = 0, .ofs_y = -4},
    {.bitmap_index = 16438, .adv_w = 329, .box_w = 20, .box_h = 23, .ofs_x = 1, .ofs_y = 0},
    {.bitmap_index = 16597, .adv_w = 252, .box_w = 15, .box_h = 18, .ofs_x = 0, .ofs_y = 0},
    {.bitmap_index = 16702, .adv_w = 329, .box_w = 20, .box_h = 23, .ofs_x = 1, .ofs_y = 0},
    {.bitmap_index = 16863, .adv_w = 252, .box_w = 15, .box_h = 18, .ofs_x = 0, .ofs_y = 0},
    {.bitmap_index = 16968, .adv_w = 329, .box_w = 20, .box_h = 23, .ofs_x = 1, .ofs_y = 0},
    {.bitmap_index = 17131, .adv_w = 252, .box_w = 15, .box_h = 20, .ofs_x = 0, .ofs_y = 0},
    {.bitmap_index = 17243, .adv_w = 329, .box_w = 20, .box_h = 22, .ofs_x = 1, .ofs_y = 0},
    {.bitmap_index = 17405, .adv_w = 252, .box_w = 15, .box_h = 18, .ofs_x = 0, .ofs_y = 0},
    {.bitmap_index = 17512, .adv_w = 329, .box_w = 20, .box_h = 22, .ofs_x = 1, .ofs_y = -4},
    {.bitmap_index = 17663, .adv_w = 252, .box_w = 15, .box_h = 17, .ofs_x = 0, .ofs_y = -4},
    {.bitmap_index = 17760, .adv_w = 277, .box_w = 15, .box_h = 22, .ofs_x = 1, .ofs_y = -4},
    {.bitmap_index = 17831, .adv_w = 214, .box_w = 11, .box_h = 17, .ofs_x = 1, .ofs_y = -4},
    {.bitmap_index = 17879, .adv_w = 277, .box_w = 15, .box_h = 22, .ofs_x = 1, .ofs_y = 0},
    {.bitmap_index = 17957, .adv_w = 214, .box_w = 11, .box_h = 20, .ofs_x = 1, .ofs_y = 0},
    {.bitmap_index = 18017, .adv_w = 328, .box_w = 19, .box_h = 23, .ofs_x = 1, .ofs_y = 0},
    {.bitmap_index = 18132, .adv_w = 257, .box_w = 15, .box_h = 18, .ofs_x = 1, .ofs_y = 0},
    {.bitmap_index = 18215, .adv_w = 328, .box_w = 19, .box_h = 23, .ofs_x = 1, .ofs_y = 0},
    {.bitmap_index = 18329, .adv_w = 257, .box_w = 15, .box_h = 18, .ofs_x = 1, .ofs_y = 0},
    {.bitmap_index = 18413, .adv_w = 328, .box_w = 19, .box_h = 22, .ofs_x = 1, .ofs_y = 0},
    {.bitmap_index = 18527, .adv_w = 257, .box_w = 15, .box_h = 20, .ofs_x = 1, .ofs_y = 0},
    {.bitmap_index = 18618, .adv_w = 328, .box_w = 19, .box_h = 22, .ofs_x = 1, .ofs_y = 0},
    {.bitmap_index = 18732, .adv_w = 257, .box_w = 15, .box_h = 18, .ofs_x = 1, .ofs_y = 0},
    {.bitmap_index = 18819, .adv_w = 328, .box_w = 19, .box_h = 22, .ofs_x = 1, .ofs_y = -4},
    {.bitmap_index = 18924, .adv_w = 257, .box_w = 15, .box_h = 17, .ofs_x = 1, .ofs_y = -4},
    {.bitmap_index = 19000, .adv_w = 256, .box_w = 16, .box_h = 22, .ofs_x = 0, .ofs_y = 0},
    {.bitmap_index = 19095, .adv_w = 192, .box_w = 12, .box_h = 23, .ofs_x = 0, .ofs_y = -5},
    {.bitmap_index = 19202, .adv_w = 256, .box_w = 16, .box_h = 22, .ofs_x = 0, .ofs_y = -4},
    {.bitmap_index = 19290, .adv_w = 192, .box_w = 12, .box_h = 18, .ofs_x = 0, .ofs_y = -5},
    {.bitmap_index = 19381, .adv_w = 256, .box_w = 16, .box_h = 22, .ofs_x = 0, .ofs_y = 0},
    {.bitmap_index = 19477, .adv_w = 192, .box_w = 12, .box_h = 25, .ofs_x = 0, .ofs_y = -5},
    {.bitmap_index = 19591, .adv_w = 256, .box_w = 16, .box_h = 22, .ofs_x = 0, .ofs_y = 0},
    {.bitmap_index = 19691, .adv_w = 192, .box_w = 12, .box_h = 23, .ofs_x = 0, .ofs_y = -5}
};

/*---------------------
 *  CHARACTER MAPPING
 *--------------------*/

static const uint16_t unicode_list_1[] = {
    0x0, 0x5, 0x10, 0x11, 0x12, 0x13, 0x18, 0x19,
    0x1a, 0x1c, 0x1d, 0x22, 0x23, 0x24, 0x25, 0x29,
    0x2a, 0x2d, 0x30, 0x31, 0x32, 0x33, 0x38, 0x39,
    0x3a, 0x3c, 0x3d, 0x42, 0x43, 0x44, 0x45, 0x49,
    0x4a, 0x4d, 0x52, 0x53, 0x60, 0x61, 0x78, 0x79,
    0xb8, 0xb9, 0xf0, 0xf1, 0xff, 0x100
};

/*Collect the unicode lists and glyph_id offsets*/
static const lv_font_fmt_txt_cmap_t cmaps[] =
{
    {
        .range_start = 32, .range_length = 95, .glyph_id_start = 1,
        .unicode_list = NULL, .glyph_id_ofs_list = NULL, .list_length = 0, .type = LV_FONT_FMT_TXT_CMAP_FORMAT0_TINY
    },
    {
        .range_start = 176, .range_length = 257, .glyph_id_start = 96,
        .unicode_list = unicode_list_1, .glyph_id_ofs_list = NULL, .list_length = 46, .type = LV_FONT_FMT_TXT_CMAP_SPARSE_TINY
    },
    {
        .range_start = 7840, .range_length = 90, .glyph_id_start = 142,
        .unicode_list = NULL, .glyph_id_ofs_list = NULL, .list_length = 0, .type = LV_FONT_FMT_TXT_CMAP_FORMAT0_TINY
    }
};



/*--------------------
 *  ALL CUSTOM DATA
 *--------------------*/

#if LVGL_VERSION_MAJOR == 8
/*Store all the custom data of the font*/
static  lv_font_fmt_txt_glyph_cache_t cache;
#endif

#if LVGL_VERSION_MAJOR >= 8
static const lv_font_fmt_txt_dsc_t font_dsc = {
#else
static lv_font_fmt_txt_dsc_t font_dsc = {
#endif
    .glyph_bitmap = glyph_bitmap,
    .glyph_dsc = glyph_dsc,
    .cmaps = cmaps,
    .kern_dsc = NULL,
    .kern_scale = 0,
    .cmap_num = 3,
    .bpp = 4,
    .kern_classes = 0,
    .bitmap_format = 1,
#if LVGL_VERSION_MAJOR == 8
    .cache = &cache
#endif
};



/*-----------------
 *  PUBLIC FONT
 *----------------*/

/*Initialize a public general font descriptor*/
#if LVGL_VERSION_MAJOR >= 8
const lv_font_t ui_font_arialbold24 = {
#else
lv_font_t ui_font_arialbold24 = {
#endif
    .get_glyph_dsc = lv_font_get_glyph_dsc_fmt_txt,    /*Function pointer to get glyph's data*/
    .get_glyph_bitmap = lv_font_get_bitmap_fmt_txt,    /*Function pointer to get glyph's bitmap*/
    .line_height = 28,          /*The maximum line height required by the font*/
    .base_line = 5,             /*Baseline measured from the bottom of the line*/
#if !(LVGL_VERSION_MAJOR == 6 && LVGL_VERSION_MINOR == 0)
    .subpx = LV_FONT_SUBPX_NONE,
#endif
#if LV_VERSION_CHECK(7, 4, 0) || LVGL_VERSION_MAJOR >= 8
    .underline_position = -3,
    .underline_thickness = 2,
#endif
    .dsc = &font_dsc,          /*The custom font data. Will be accessed by `get_glyph_bitmap/dsc` */
#if LV_VERSION_CHECK(8, 2, 0) || LVGL_VERSION_MAJOR >= 9
    .fallback = NULL,
#endif
    .user_data = NULL,
};



#endif /*#if UI_FONT_ARIALBOLD24*/

